Num_Acc,week_day,state,severity,weather,location,hrmn,lum,vehicle_type,engine_size,driver_sex,driver_age,car_age,casualty_severity,casualty_age,hour,time_period
AID0001,T,WB,Minor,Storm,Loc91,1958,Daylight,Car,1089,M,48,20,Fatal,33,19,Evening
AID0002,T,TR,Severe,Fog,Loc184,2245,Daylight,Car,2653,F,21,10,Slight,9,22,Night
AID0003,W,HP,Moderate,Fog,Loc77,250,Twilight,Car,2997,M,62,6,Slight,45,2,Night
AID0004,T,CG,Severe,Clear,Loc78,545,Night,Motorcycle,2079,M,26,18,Serious,59,5,Morning
AID0005,S,TR,Moderate,Storm,Loc57,2146,Twilight,Car,2279,M,20,2,Serious,30,21,Night
AID0006,T,HR,Moderate,Fog,Loc179,2206,Night,Truck,807,M,52,5,Fatal,8,22,Night
AID0007,T,MP,Moderate,Rain,Loc85,719,Daylight,Bus,2556,M,19,5,Fatal,59,7,Morning
AID0008,S,AR,Minor,Clear,Loc30,1912,Night,Bus,1901,F,31,9,Slight,66,19,Evening
AID0009,T,SK,Severe,Storm,Loc58,508,Night,Car,2238,F,68,6,Slight,13,5,Morning
AID0010,W,GA,Severe,Clear,Loc48,1340,Night,Truck,2684,M,22,7,Fatal,14,13,Afternoon
AID0011,T,GJ,Severe,Clear,Loc129,118,Night,Car,1047,M,42,12,Slight,57,1,Night
AID0012,M,RJ,Moderate,Storm,Loc31,520,Night,Motorcycle,1884,F,65,14,Slight,29,5,Morning
AID0013,W,HR,Minor,Fog,Loc54,1900,Twilight,Bus,2414,M,62,8,Serious,55,19,Evening
AID0014,S,BR,Minor,Clear,Loc8,2120,Daylight,Car,1543,F,51,2,Slight,25,21,Night
AID0015,W,HP,Severe,Fog,Loc175,2112,Daylight,Motorcycle,2521,F,28,8,Slight,28,21,Night
AID0016,F,KL,Severe,Rain,Loc161,227,Daylight,Bus,2995,F,65,7,Fatal,28,2,Night
AID0017,S,HP,Severe,Storm,Loc46,1218,Daylight,Bus,814,F,62,1,Slight,18,12,Afternoon
AID0018,F,WB,Severe,Fog,Loc17,446,Night,Car,1912,M,28,4,Slight,26,4,Night
AID0019,S,AS,Severe,Snow,Loc152,1409,Night,Truck,2615,M,31,2,Slight,21,14,Afternoon
AID0020,M,AS,Severe,Rain,Loc112,2129,Daylight,Bus,2625,M,50,19,Fatal,35,21,Night
AID0021,M,RJ,Moderate,Storm,Loc170,409,Night,Car,1542,F,61,16,Slight,23,4,Night
AID0022,M,SK,Moderate,Rain,Loc31,956,Twilight,Car,1806,F,21,1,Slight,42,9,Morning
AID0023,W,ML,Minor,Fog,Loc196,916,Night,Motorcycle,2213,F,58,15,Serious,56,9,Morning
AID0024,S,TR,Moderate,Clear,Loc20,18,Daylight,Motorcycle,1827,F,62,15,Fatal,54,0,Night
AID0025,W,MH,Moderate,Storm,Loc181,738,Twilight,Car,1114,F,68,3,Serious,75,7,Morning
AID0026,W,DL,Severe,Rain,Loc149,2224,Night,Car,2406,F,18,7,Slight,47,22,Night
AID0027,S,UK,Severe,Storm,Loc60,1246,Daylight,Car,1766,M,42,13,Serious,7,12,Afternoon
AID0028,S,MH,Severe,Fog,Loc45,1403,Night,Motorcycle,1553,F,49,14,Slight,27,14,Afternoon
AID0029,S,MP,Moderate,Storm,Loc73,215,Daylight,Truck,2205,F,66,6,Serious,45,2,Night
AID0030,T,HP,Minor,Clear,Loc17,724,Night,Truck,2469,F,42,16,Fatal,47,7,Morning
AID0031,S,MZ,Severe,Snow,Loc101,542,Twilight,Bus,1687,M,34,5,Serious,57,5,Morning
AID0032,T,OD,Severe,Snow,Loc13,1035,Night,Bus,1563,M,45,5,Slight,24,10,Morning
AID0033,T,HP,Severe,Fog,Loc37,111,Twilight,Truck,2546,M,47,2,Fatal,41,1,Night
AID0034,M,ML,Severe,Snow,Loc29,2116,Twilight,Motorcycle,2675,M,55,10,Serious,74,21,Night
AID0035,F,SK,Moderate,Clear,Loc19,2028,Twilight,Car,1318,F,35,6,Slight,8,20,Evening
AID0036,M,MN,Minor,Clear,Loc18,1356,Night,Car,2765,M,55,3,Fatal,31,13,Afternoon
AID0037,W,MZ,Moderate,Snow,Loc107,234,Daylight,Car,2672,F,31,8,Fatal,19,2,Night
AID0038,W,MZ,Severe,Fog,Loc115,2132,Twilight,Bus,1409,F,22,0,Serious,40,21,Night
AID0039,S,JH,Moderate,Snow,Loc11,39,Daylight,Truck,2503,M,32,19,Slight,42,0,Night
AID0040,S,MZ,Moderate,Fog,Loc171,509,Daylight,Bus,842,M,32,13,Serious,18,5,Morning
AID0041,F,NL,Severe,Fog,Loc58,1804,Night,Truck,1965,F,34,13,Fatal,24,18,Evening
AID0042,S,TN,Minor,Snow,Loc78,1305,Twilight,Motorcycle,2054,F,66,8,Serious,20,13,Afternoon
AID0043,S,HP,Moderate,Clear,Loc19,2014,Night,Motorcycle,910,F,49,13,Slight,10,20,Evening
AID0044,T,ML,Moderate,Rain,Loc16,515,Twilight,Motorcycle,1618,F,55,1,Serious,52,5,Morning
AID0045,M,UP,Minor,Rain,Loc128,2258,Daylight,Motorcycle,2289,M,69,14,Fatal,55,22,Night
AID0046,S,HP,Severe,Rain,Loc70,38,Twilight,Bus,2664,F,31,3,Slight,44,0,Night
AID0047,W,BR,Minor,Rain,Loc132,1832,Daylight,Motorcycle,984,M,32,19,Slight,57,18,Evening
AID0048,W,JH,Severe,Fog,Loc22,532,Night,Bus,2502,M,19,3,Slight,12,5,Morning
AID0049,M,ML,Minor,Fog,Loc147,1831,Daylight,Car,1481,M,41,3,Fatal,22,18,Evening
AID0050,M,MZ,Severe,Rain,Loc54,23,Daylight,Bus,1271,M,47,16,Fatal,73,0,Night
AID0051,T,GA,Moderate,Snow,Loc53,1108,Night,Motorcycle,2143,M,35,13,Serious,69,11,Morning
AID0052,F,JH,Moderate,Rain,Loc30,2041,Night,Car,1533,F,47,17,Slight,61,20,Evening
AID0053,W,MZ,Moderate,Storm,Loc69,751,Night,Truck,2586,M,45,9,Slight,80,7,Morning
AID0054,M,AR,Moderate,Storm,Loc139,1537,Twilight,Truck,1295,F,49,1,Fatal,3,15,Afternoon
AID0055,S,BR,Severe,Clear,Loc184,1455,Daylight,Motorcycle,2631,F,58,16,Slight,16,14,Afternoon
AID0056,T,TR,Minor,Fog,Loc190,559,Night,Car,1254,F,51,13,Fatal,43,5,Morning
AID0057,S,RJ,Moderate,Clear,Loc136,305,Daylight,Bus,2087,M,22,2,Slight,53,3,Night
AID0058,M,CG,Moderate,Clear,Loc161,1631,Night,Bus,1028,M,27,17,Slight,33,16,Afternoon
AID0059,F,HP,Minor,Clear,Loc131,1630,Twilight,Bus,2332,M,54,5,Serious,49,16,Afternoon
AID0060,W,UK,Severe,Clear,Loc25,925,Daylight,Car,2977,F,53,0,Slight,32,9,Morning
AID0061,F,MH,Moderate,Rain,Loc96,941,Night,Motorcycle,2220,F,68,3,Fatal,17,9,Morning
AID0062,S,DL,Minor,Fog,Loc174,1409,Twilight,Bus,2377,F,26,7,Serious,62,14,Afternoon
AID0063,F,AS,Moderate,Rain,Loc111,1624,Daylight,Bus,830,F,59,12,Fatal,59,16,Afternoon
AID0064,T,RJ,Minor,Clear,Loc70,1507,Twilight,Truck,1237,M,61,4,Slight,68,15,Afternoon
AID0065,M,KA,Severe,Storm,Loc35,235,Night,Car,1391,M,64,11,Fatal,34,2,Night
AID0066,S,MH,Minor,Storm,Loc188,1058,Night,Truck,2205,M,54,5,Fatal,31,10,Morning
AID0067,M,RJ,Minor,Snow,Loc134,446,Night,Motorcycle,2277,F,23,12,Fatal,56,4,Night
AID0068,W,KL,Moderate,Fog,Loc112,1143,Daylight,Bus,2093,F,58,10,Fatal,60,11,Morning
AID0069,S,PB,Severe,Rain,Loc103,1628,Night,Truck,1918,M,59,14,Slight,10,16,Afternoon
AID0070,S,MZ,Minor,Snow,Loc76,1102,Twilight,Bus,1606,M,50,14,Slight,78,11,Morning
AID0071,M,HP,Moderate,Storm,Loc114,1142,Night,Car,2870,F,57,20,Slight,27,11,Morning
AID0072,S,UP,Moderate,Clear,Loc55,1943,Daylight,Motorcycle,2204,M,37,6,Slight,32,19,Evening
AID0073,W,MN,Moderate,Clear,Loc127,2206,Night,Bus,1204,M,22,9,Fatal,80,22,Night
AID0074,W,NL,Moderate,Clear,Loc169,2256,Daylight,Truck,2174,M,36,11,Fatal,56,22,Night
AID0075,M,GJ,Severe,Snow,Loc49,1257,Twilight,Truck,925,M,24,15,Fatal,1,12,Afternoon
AID0076,T,UK,Severe,Fog,Loc191,824,Twilight,Truck,2459,M,56,18,Slight,47,8,Morning
AID0077,S,OD,Moderate,Rain,Loc34,1846,Twilight,Truck,1677,M,22,19,Serious,4,18,Evening
AID0078,F,TR,Minor,Fog,Loc4,425,Daylight,Motorcycle,1033,F,28,2,Serious,39,4,Night
AID0079,S,HP,Severe,Fog,Loc12,219,Night,Bus,1510,F,60,19,Serious,35,2,Night
AID0080,W,PB,Minor,Storm,Loc107,1953,Daylight,Car,1754,M,65,19,Slight,3,19,Evening
AID0081,M,MN,Severe,Snow,Loc109,839,Twilight,Bus,1631,M,42,5,Slight,61,8,Morning
AID0082,T,UP,Minor,Snow,Loc89,954,Night,Car,1694,M,66,1,Fatal,4,9,Morning
AID0083,W,MP,Moderate,Rain,Loc170,631,Daylight,Motorcycle,906,F,37,17,Serious,58,6,Morning
AID0084,S,UP,Moderate,Snow,Loc101,1129,Night,Bus,1616,M,28,10,Slight,13,11,Morning
AID0085,M,BR,Moderate,Clear,Loc39,1402,Daylight,Bus,1220,M,28,17,Fatal,1,14,Afternoon
AID0086,T,DL,Moderate,Snow,Loc132,239,Twilight,Truck,1574,F,43,11,Slight,14,2,Night
AID0087,T,MN,Minor,Fog,Loc132,1725,Night,Motorcycle,2987,F,48,18,Serious,44,17,Evening
AID0088,M,CG,Minor,Rain,Loc165,1406,Daylight,Car,992,F,65,14,Slight,24,14,Afternoon
AID0089,S,OD,Moderate,Fog,Loc151,2139,Night,Motorcycle,2724,M,50,17,Slight,65,21,Night
AID0090,M,AR,Severe,Snow,Loc120,1437,Night,Motorcycle,2711,F,26,7,Slight,25,14,Afternoon
AID0091,F,AR,Minor,Storm,Loc61,1016,Night,Motorcycle,1040,F,66,6,Serious,55,10,Morning
AID0092,T,CG,Moderate,Rain,Loc175,2341,Daylight,Truck,974,F,25,5,Fatal,52,23,Night
AID0093,S,UP,Moderate,Clear,Loc19,1441,Daylight,Bus,2035,F,38,13,Slight,35,14,Afternoon
AID0094,S,TR,Moderate,Rain,Loc29,1111,Daylight,Truck,906,F,49,19,Slight,30,11,Morning
AID0095,S,TR,Minor,Snow,Loc127,1214,Night,Motorcycle,1730,F,36,15,Serious,12,12,Afternoon
AID0096,F,OD,Severe,Clear,Loc125,222,Daylight,Bus,871,F,28,18,Fatal,48,2,Night
AID0097,S,DL,Moderate,Snow,Loc169,1513,Daylight,Motorcycle,2628,F,46,10,Slight,32,15,Afternoon
AID0098,S,PB,Minor,Clear,Loc186,157,Twilight,Car,2089,F,33,2,Serious,64,1,Night
AID0099,S,WB,Severe,Clear,Loc72,1638,Twilight,Motorcycle,2908,M,34,11,Serious,30,16,Afternoon
AID0100,T,KA,Minor,Storm,Loc79,815,Daylight,Bus,1335,F,69,9,Slight,36,8,Morning
AID0101,F,MH,Moderate,Snow,Loc17,1648,Night,Car,2825,M,65,19,Slight,28,16,Afternoon
AID0102,M,OD,Severe,Rain,Loc4,410,Night,Truck,1290,F,59,10,Slight,77,4,Night
AID0103,W,RJ,Moderate,Rain,Loc94,456,Twilight,Truck,1114,M,18,7,Slight,24,4,Night
AID0104,W,HR,Moderate,Storm,Loc123,539,Twilight,Motorcycle,2285,F,23,10,Slight,35,5,Morning
AID0105,F,UP,Moderate,Clear,Loc31,409,Twilight,Motorcycle,2558,F,50,17,Slight,18,4,Night
AID0106,T,SK,Minor,Fog,Loc153,1819,Twilight,Bus,2973,M,49,14,Serious,67,18,Evening
AID0107,F,HP,Severe,Clear,Loc199,1526,Daylight,Truck,1956,F,34,4,Slight,6,15,Afternoon
AID0108,T,AR,Moderate,Storm,Loc118,1410,Twilight,Car,1237,F,53,10,Fatal,3,14,Afternoon
AID0109,T,PB,Severe,Fog,Loc167,4,Twilight,Car,814,F,56,0,Serious,14,0,Night
AID0110,T,JH,Moderate,Fog,Loc80,201,Night,Bus,2934,M,28,9,Fatal,21,2,Night
AID0111,T,CG,Moderate,Storm,Loc7,151,Daylight,Truck,1262,M,33,10,Slight,75,1,Night
AID0112,S,GA,Moderate,Snow,Loc43,1443,Daylight,Motorcycle,2473,M,42,4,Fatal,65,14,Afternoon
AID0113,W,WB,Severe,Storm,Loc153,335,Twilight,Bus,1315,M,35,4,Slight,18,3,Night
AID0114,F,NL,Moderate,Rain,Loc156,1316,Twilight,Truck,2986,M,67,14,Serious,53,13,Afternoon
AID0115,M,MH,Severe,Fog,Loc7,1934,Twilight,Car,2952,F,56,18,Slight,57,19,Evening
AID0116,W,RJ,Severe,Storm,Loc194,532,Twilight,Bus,861,F,46,1,Fatal,75,5,Morning
AID0117,M,MN,Minor,Rain,Loc54,1043,Night,Truck,1285,M,35,9,Fatal,16,10,Morning
AID0118,T,AS,Moderate,Fog,Loc86,417,Twilight,Bus,1099,M,62,7,Slight,70,4,Night
AID0119,S,DL,Moderate,Fog,Loc182,1700,Twilight,Car,1166,F,54,19,Slight,2,17,Evening
AID0120,M,RJ,Severe,Fog,Loc84,1525,Daylight,Bus,1961,M,45,3,Fatal,31,15,Afternoon
AID0121,W,AP,Moderate,Fog,Loc163,1959,Twilight,Truck,2520,F,59,20,Slight,20,19,Evening
AID0122,W,TN,Severe,Storm,Loc114,801,Night,Truck,2477,F,68,18,Slight,13,8,Morning
AID0123,S,OD,Moderate,Rain,Loc54,1107,Night,Truck,1312,F,41,19,Serious,41,11,Morning
AID0124,T,HP,Minor,Fog,Loc153,821,Daylight,Truck,1922,M,56,0,Slight,48,8,Morning
AID0125,S,AR,Minor,Clear,Loc114,535,Night,Motorcycle,1511,F,65,10,Serious,17,5,Morning
AID0126,T,MP,Minor,Snow,Loc53,1630,Night,Bus,2752,F,67,19,Fatal,47,16,Afternoon
AID0127,F,BR,Moderate,Rain,Loc25,1124,Night,Bus,1180,M,27,13,Slight,78,11,Morning
AID0128,S,AR,Severe,Snow,Loc168,341,Twilight,Motorcycle,2951,F,60,5,Serious,44,3,Night
AID0129,S,HR,Moderate,Rain,Loc61,1048,Night,Truck,1990,M,52,20,Slight,61,10,Morning
AID0130,S,HR,Minor,Fog,Loc121,1935,Daylight,Truck,2512,F,43,12,Serious,8,19,Evening
AID0131,T,MZ,Severe,Storm,Loc148,400,Daylight,Truck,2272,M,28,0,Serious,22,4,Night
AID0132,T,ML,Moderate,Snow,Loc147,405,Twilight,Bus,1695,F,44,4,Serious,62,4,Night
AID0133,S,TN,Severe,Snow,Loc93,1148,Twilight,Truck,2423,M,25,2,Slight,39,11,Morning
AID0134,S,KL,Minor,Rain,Loc169,1751,Daylight,Truck,2079,F,41,14,Serious,14,17,Evening
AID0135,T,HP,Moderate,Storm,Loc135,508,Daylight,Car,1077,F,21,4,Fatal,10,5,Morning
AID0136,F,GA,Moderate,Snow,Loc137,1333,Night,Car,1044,F,41,7,Serious,79,13,Afternoon
AID0137,T,NL,Severe,Fog,Loc80,1553,Night,Car,2749,F,47,9,Fatal,57,15,Afternoon
AID0138,M,MN,Minor,Clear,Loc184,944,Twilight,Bus,1613,M,31,10,Fatal,73,9,Morning
AID0139,F,DL,Moderate,Rain,Loc150,749,Twilight,Motorcycle,2386,F,69,20,Slight,70,7,Morning
AID0140,T,CG,Minor,Fog,Loc123,1224,Daylight,Motorcycle,1954,F,55,3,Serious,22,12,Afternoon
AID0141,M,AP,Minor,Clear,Loc38,2309,Twilight,Motorcycle,2621,M,55,12,Serious,76,23,Night
AID0142,S,CG,Moderate,Clear,Loc196,1208,Twilight,Car,2781,F,54,16,Fatal,40,12,Afternoon
AID0143,S,MN,Moderate,Fog,Loc179,2137,Night,Truck,1648,M,50,12,Serious,39,21,Night
AID0144,S,ML,Minor,Rain,Loc164,347,Night,Car,1268,F,53,14,Fatal,29,3,Night
AID0145,S,AP,Moderate,Rain,Loc183,1822,Twilight,Car,2661,F,66,2,Fatal,30,18,Evening
AID0146,M,WB,Severe,Snow,Loc173,751,Daylight,Motorcycle,2528,F,31,12,Serious,43,7,Morning
AID0147,T,OD,Minor,Fog,Loc117,1124,Twilight,Bus,2410,M,49,10,Slight,36,11,Morning
AID0148,S,UK,Minor,Fog,Loc183,1843,Daylight,Car,2125,M,66,2,Serious,68,18,Evening
AID0149,M,HP,Moderate,Snow,Loc190,1424,Night,Bus,886,F,66,9,Fatal,56,14,Afternoon
AID0150,S,HP,Severe,Clear,Loc33,1632,Night,Bus,1098,M,43,15,Serious,30,16,Afternoon
AID0151,S,JH,Severe,Fog,Loc136,1821,Daylight,Truck,1182,M,66,0,Fatal,56,18,Evening
AID0152,T,MP,Moderate,Rain,Loc65,2103,Twilight,Bus,1012,M,18,6,Serious,44,21,Night
AID0153,M,GJ,Moderate,Fog,Loc180,7,Twilight,Truck,1223,F,29,14,Slight,41,0,Night
AID0154,T,AP,Minor,Snow,Loc185,1703,Twilight,Motorcycle,1029,F,22,14,Slight,11,17,Evening
AID0155,W,DL,Minor,Snow,Loc143,832,Twilight,Motorcycle,1951,F,36,0,Fatal,70,8,Morning
AID0156,S,HP,Minor,Rain,Loc14,1042,Twilight,Motorcycle,2212,M,70,9,Serious,11,10,Morning
AID0157,S,MP,Minor,Fog,Loc101,444,Night,Car,2996,F,58,2,Slight,64,4,Night
AID0158,T,NL,Minor,Storm,Loc88,111,Twilight,Motorcycle,1980,M,43,5,Slight,24,1,Night
AID0159,T,BR,Severe,Fog,Loc133,2046,Daylight,Bus,2458,M,52,13,Serious,19,20,Evening
AID0160,W,CG,Minor,Snow,Loc83,752,Night,Truck,2805,M,40,19,Serious,11,7,Morning
AID0161,T,OD,Moderate,Fog,Loc129,1342,Night,Bus,1662,M,43,19,Fatal,14,13,Afternoon
AID0162,M,DL,Moderate,Storm,Loc169,604,Twilight,Bus,2455,M,40,5,Fatal,34,6,Morning
AID0163,S,BR,Moderate,Clear,Loc57,2053,Night,Car,2694,F,40,17,Serious,18,20,Evening
AID0164,F,ML,Minor,Rain,Loc56,1141,Night,Motorcycle,1216,F,39,16,Serious,31,11,Morning
AID0165,M,HP,Severe,Snow,Loc93,702,Twilight,Car,2546,F,65,2,Slight,2,7,Morning
AID0166,W,AP,Severe,Snow,Loc142,220,Twilight,Bus,1978,F,28,12,Slight,38,2,Night
AID0167,T,ML,Moderate,Snow,Loc36,101,Daylight,Motorcycle,1220,F,62,16,Fatal,50,1,Night
AID0168,M,TR,Severe,Rain,Loc59,841,Night,Bus,2056,F,64,19,Slight,14,8,Morning
AID0169,M,AP,Minor,Fog,Loc172,2024,Twilight,Motorcycle,1930,F,32,11,Serious,41,20,Evening
AID0170,T,SK,Minor,Rain,Loc95,1311,Daylight,Motorcycle,1761,F,32,20,Slight,32,13,Afternoon
AID0171,T,HR,Severe,Fog,Loc38,1041,Daylight,Motorcycle,2724,F,35,19,Slight,65,10,Morning
AID0172,F,DL,Minor,Clear,Loc51,1541,Daylight,Bus,1815,F,42,20,Serious,69,15,Afternoon
AID0173,W,ML,Moderate,Snow,Loc121,1053,Twilight,Bus,2395,F,45,8,Serious,17,10,Morning
AID0174,S,KA,Moderate,Snow,Loc116,756,Twilight,Bus,2867,F,64,8,Fatal,31,7,Morning
AID0175,S,BR,Minor,Snow,Loc31,546,Daylight,Car,1298,M,48,6,Fatal,35,5,Morning
AID0176,T,CG,Moderate,Fog,Loc3,2257,Night,Car,2887,F,28,4,Serious,62,22,Night
AID0177,F,UK,Moderate,Fog,Loc51,1143,Daylight,Truck,1769,M,45,3,Fatal,5,11,Morning
AID0178,T,PB,Minor,Clear,Loc90,446,Night,Truck,2199,M,18,1,Slight,79,4,Night
AID0179,F,WB,Moderate,Rain,Loc35,2153,Night,Motorcycle,1420,M,58,0,Fatal,59,21,Night
AID0180,T,TN,Minor,Clear,Loc142,1445,Night,Bus,1027,F,47,15,Slight,69,14,Afternoon
AID0181,S,SK,Moderate,Clear,Loc79,1531,Twilight,Motorcycle,2747,F,40,2,Serious,35,15,Afternoon
AID0182,F,AR,Minor,Snow,Loc30,2343,Night,Motorcycle,1733,M,29,19,Fatal,68,23,Night
AID0183,S,GJ,Minor,Rain,Loc169,512,Night,Truck,2345,M,28,16,Slight,30,5,Morning
AID0184,S,TR,Moderate,Fog,Loc146,651,Night,Motorcycle,1780,F,45,15,Serious,42,6,Morning
AID0185,S,UK,Minor,Clear,Loc179,1212,Night,Car,1944,M,40,11,Fatal,37,12,Afternoon
AID0186,T,AR,Minor,Fog,Loc148,703,Daylight,Truck,1010,M,22,19,Fatal,37,7,Morning
AID0187,F,UP,Moderate,Clear,Loc109,36,Twilight,Motorcycle,830,M,51,1,Fatal,21,0,Night
AID0188,S,CG,Severe,Rain,Loc143,1103,Night,Car,2496,F,70,14,Serious,79,11,Morning
AID0189,S,MZ,Minor,Rain,Loc92,222,Twilight,Bus,2808,M,52,3,Serious,74,2,Night
AID0190,S,MP,Minor,Clear,Loc10,1937,Night,Car,1325,M,44,5,Fatal,59,19,Evening
AID0191,T,MZ,Minor,Rain,Loc146,1223,Twilight,Car,1307,M,54,10,Slight,31,12,Afternoon
AID0192,T,TR,Minor,Fog,Loc136,308,Night,Car,2069,M,46,7,Serious,22,3,Night
AID0193,W,AP,Severe,Fog,Loc69,333,Daylight,Motorcycle,1627,M,61,17,Fatal,42,3,Night
AID0194,T,MH,Moderate,Clear,Loc70,2220,Night,Bus,2580,F,65,12,Fatal,69,22,Night
AID0195,T,DL,Severe,Snow,Loc130,1221,Daylight,Bus,941,M,47,2,Slight,55,12,Afternoon
AID0196,M,BR,Moderate,Clear,Loc105,644,Daylight,Truck,1457,M,67,10,Serious,58,6,Morning
AID0197,T,GJ,Minor,Clear,Loc84,2224,Night,Car,1716,F,20,0,Slight,30,22,Night
AID0198,S,MH,Severe,Rain,Loc156,1355,Night,Truck,2515,M,67,0,Slight,66,13,Afternoon
AID0199,T,WB,Minor,Clear,Loc5,1818,Daylight,Motorcycle,935,F,67,7,Fatal,40,18,Evening
AID0200,F,MH,Minor,Clear,Loc5,2128,Night,Motorcycle,2569,M,20,14,Serious,27,21,Night
AID0201,M,AR,Minor,Clear,Loc153,1428,Daylight,Car,2400,F,26,13,Slight,36,14,Afternoon
AID0202,F,TR,Minor,Clear,Loc63,2007,Twilight,Motorcycle,1925,F,55,16,Fatal,7,20,Evening
AID0203,T,AR,Moderate,Snow,Loc172,1654,Night,Truck,2039,F,57,4,Fatal,59,16,Afternoon
AID0204,W,OD,Minor,Snow,Loc77,1731,Night,Truck,1217,F,36,10,Serious,74,17,Evening
AID0205,F,TN,Severe,Clear,Loc114,516,Night,Truck,2780,F,69,15,Fatal,12,5,Morning
AID0206,S,HR,Severe,Snow,Loc160,318,Daylight,Bus,937,M,42,11,Slight,62,3,Night
AID0207,S,JH,Moderate,Snow,Loc151,1640,Twilight,Truck,804,M,20,7,Serious,71,16,Afternoon
AID0208,T,AS,Minor,Fog,Loc51,2229,Night,Bus,2020,M,24,5,Serious,10,22,Night
AID0209,S,AS,Minor,Rain,Loc36,815,Twilight,Car,2958,M,35,2,Slight,74,8,Morning
AID0210,M,KA,Moderate,Rain,Loc110,1206,Daylight,Bus,2015,M,63,10,Slight,8,12,Afternoon
AID0211,M,GA,Moderate,Clear,Loc74,2027,Daylight,Car,1149,M,21,11,Fatal,51,20,Evening
AID0212,S,NL,Minor,Rain,Loc22,1627,Daylight,Motorcycle,1667,F,21,13,Fatal,41,16,Afternoon
AID0213,T,MH,Minor,Clear,Loc195,1010,Night,Truck,1423,F,43,20,Fatal,35,10,Morning
AID0214,F,DL,Moderate,Clear,Loc31,2026,Twilight,Truck,2511,M,19,14,Serious,48,20,Evening
AID0215,F,HP,Severe,Clear,Loc69,216,Daylight,Car,919,F,58,20,Serious,12,2,Night
AID0216,S,PB,Minor,Rain,Loc93,1928,Daylight,Car,1000,M,52,18,Fatal,52,19,Evening
AID0217,S,GJ,Moderate,Storm,Loc184,1931,Daylight,Motorcycle,1149,F,42,10,Slight,23,19,Evening
AID0218,T,KL,Minor,Storm,Loc37,1447,Daylight,Bus,2299,F,63,17,Serious,59,14,Afternoon
AID0219,W,AS,Minor,Fog,Loc143,259,Daylight,Truck,2459,M,61,4,Serious,65,2,Night
AID0220,T,MP,Severe,Fog,Loc144,1634,Daylight,Car,1883,M,69,8,Serious,72,16,Afternoon
AID0221,S,NL,Severe,Clear,Loc82,440,Daylight,Motorcycle,970,M,61,17,Serious,22,4,Night
AID0222,W,GJ,Moderate,Storm,Loc200,410,Daylight,Car,824,M,70,16,Serious,17,4,Night
AID0223,F,GA,Moderate,Fog,Loc86,1937,Twilight,Truck,1592,M,55,10,Serious,54,19,Evening
AID0224,T,HP,Severe,Storm,Loc81,647,Twilight,Motorcycle,1707,F,22,7,Serious,43,6,Morning
AID0225,T,JH,Moderate,Rain,Loc137,201,Twilight,Motorcycle,2434,M,19,6,Slight,17,2,Night
AID0226,M,AR,Severe,Storm,Loc149,909,Daylight,Motorcycle,1242,M,31,19,Serious,13,9,Morning
AID0227,S,MN,Moderate,Storm,Loc187,221,Twilight,Car,800,F,70,12,Slight,71,2,Night
AID0228,W,TN,Minor,Clear,Loc6,617,Daylight,Bus,1251,M,55,5,Slight,40,6,Morning
AID0229,M,AS,Severe,Storm,Loc23,943,Daylight,Bus,2924,M,68,20,Serious,56,9,Morning
AID0230,S,HP,Severe,Snow,Loc51,1136,Daylight,Truck,1439,M,38,13,Serious,7,11,Morning
AID0231,W,GJ,Severe,Rain,Loc106,1124,Daylight,Motorcycle,1151,F,21,16,Serious,4,11,Morning
AID0232,F,HR,Severe,Rain,Loc171,1342,Night,Bus,1416,M,30,18,Serious,14,13,Afternoon
AID0233,W,HR,Minor,Fog,Loc24,139,Night,Motorcycle,2221,M,47,13,Slight,6,1,Night
AID0234,S,AS,Moderate,Snow,Loc68,1117,Night,Car,1059,F,42,5,Slight,51,11,Morning
AID0235,S,AS,Moderate,Clear,Loc136,2014,Night,Car,2647,M,30,6,Slight,73,20,Evening
AID0236,W,DL,Moderate,Snow,Loc14,359,Night,Motorcycle,2033,F,64,10,Fatal,51,3,Night
AID0237,F,TR,Moderate,Snow,Loc136,1118,Twilight,Truck,1703,M,21,7,Slight,80,11,Morning
AID0238,F,SK,Severe,Snow,Loc30,1239,Twilight,Motorcycle,2149,M,63,13,Slight,9,12,Afternoon
AID0239,T,MP,Moderate,Storm,Loc41,427,Twilight,Motorcycle,1869,F,22,17,Serious,50,4,Night
AID0240,T,WB,Moderate,Snow,Loc172,31,Twilight,Motorcycle,2958,F,29,4,Slight,5,0,Night
AID0241,F,KL,Moderate,Rain,Loc123,512,Twilight,Motorcycle,1983,F,20,1,Slight,65,5,Morning
AID0242,S,MH,Minor,Snow,Loc45,1924,Daylight,Truck,2124,M,23,18,Fatal,61,19,Evening
AID0243,M,KA,Minor,Fog,Loc32,213,Night,Truck,1782,M,60,7,Slight,70,2,Night
AID0244,F,RJ,Minor,Snow,Loc175,1228,Daylight,Motorcycle,2543,M,34,17,Slight,71,12,Afternoon
AID0245,T,OD,Minor,Fog,Loc137,1642,Daylight,Bus,2115,M,54,7,Fatal,40,16,Afternoon
AID0246,M,BR,Moderate,Storm,Loc184,2344,Daylight,Truck,2042,F,54,18,Serious,71,23,Night
AID0247,W,RJ,Minor,Fog,Loc199,441,Twilight,Truck,2210,F,38,8,Slight,7,4,Night
AID0248,S,UK,Severe,Fog,Loc38,1302,Twilight,Car,1404,F,37,11,Serious,20,13,Afternoon
AID0249,S,TR,Moderate,Rain,Loc24,1054,Twilight,Bus,973,M,53,16,Serious,45,10,Morning
AID0250,S,MH,Minor,Snow,Loc23,1915,Daylight,Bus,2662,M,27,13,Fatal,43,19,Evening
AID0251,M,TN,Minor,Rain,Loc152,455,Daylight,Truck,2112,M,40,16,Serious,67,4,Night
AID0252,T,MN,Minor,Clear,Loc15,1931,Twilight,Car,2616,F,64,6,Serious,7,19,Evening
AID0253,F,DL,Severe,Storm,Loc56,903,Daylight,Motorcycle,1968,M,56,7,Serious,7,9,Morning
AID0254,M,TR,Moderate,Clear,Loc108,1854,Night,Car,1235,M,45,3,Serious,21,18,Evening
AID0255,W,HP,Severe,Rain,Loc81,1310,Daylight,Car,2193,M,32,13,Serious,11,13,Afternoon
AID0256,W,PB,Moderate,Rain,Loc78,651,Daylight,Car,2726,M,52,8,Serious,78,6,Morning
AID0257,T,AS,Severe,Storm,Loc153,720,Daylight,Bus,885,M,36,10,Fatal,71,7,Morning
AID0258,F,CG,Minor,Snow,Loc111,1303,Daylight,Truck,2964,M,54,6,Fatal,60,13,Afternoon
AID0259,M,TR,Severe,Rain,Loc24,1834,Twilight,Bus,2502,F,52,17,Slight,14,18,Evening
AID0260,T,GA,Minor,Storm,Loc79,1455,Night,Truck,1076,F,49,14,Fatal,32,14,Afternoon
AID0261,T,MN,Severe,Clear,Loc114,2227,Night,Car,2287,F,26,20,Serious,48,22,Night
AID0262,F,MH,Minor,Rain,Loc122,1503,Night,Car,972,F,51,11,Slight,63,15,Afternoon
AID0263,S,KL,Severe,Rain,Loc149,1612,Daylight,Motorcycle,2450,M,70,14,Slight,78,16,Afternoon
AID0264,F,CG,Severe,Storm,Loc99,1124,Daylight,Truck,1224,F,66,12,Slight,6,11,Morning
AID0265,M,SK,Moderate,Clear,Loc51,2226,Daylight,Car,1642,M,30,20,Fatal,40,22,Night
AID0266,W,NL,Minor,Snow,Loc135,1616,Twilight,Car,1035,M,59,16,Fatal,50,16,Afternoon
AID0267,T,MN,Severe,Snow,Loc106,1303,Daylight,Motorcycle,1261,M,31,13,Serious,31,13,Afternoon
AID0268,M,KA,Moderate,Fog,Loc163,2213,Daylight,Car,1919,F,21,7,Serious,37,22,Night
AID0269,W,KL,Minor,Rain,Loc164,1228,Daylight,Motorcycle,1938,F,38,11,Slight,56,12,Afternoon
AID0270,W,AS,Moderate,Fog,Loc62,1331,Twilight,Truck,2762,F,27,0,Fatal,65,13,Afternoon
AID0271,S,MH,Moderate,Fog,Loc175,2036,Daylight,Car,2789,M,41,2,Serious,12,20,Evening
AID0272,M,SK,Severe,Storm,Loc132,839,Twilight,Car,1901,F,64,12,Serious,61,8,Morning
AID0273,S,JH,Severe,Snow,Loc114,2157,Night,Bus,2260,F,22,15,Slight,15,21,Night
AID0274,T,OD,Minor,Clear,Loc48,2350,Night,Car,1837,M,55,6,Fatal,49,23,Night
AID0275,S,AS,Moderate,Fog,Loc17,1941,Night,Truck,2667,F,58,9,Slight,40,19,Evening
AID0276,S,WB,Minor,Storm,Loc161,2318,Night,Truck,2592,F,38,12,Serious,27,23,Night
AID0277,M,RJ,Minor,Clear,Loc8,418,Twilight,Truck,2772,M,28,11,Serious,36,4,Night
AID0278,S,AR,Moderate,Snow,Loc28,135,Daylight,Motorcycle,1520,M,23,8,Fatal,1,1,Night
AID0279,T,RJ,Severe,Storm,Loc13,1500,Twilight,Truck,2778,F,50,4,Serious,39,15,Afternoon
AID0280,S,AP,Severe,Fog,Loc54,2023,Daylight,Bus,1674,F,26,10,Fatal,37,20,Evening
AID0281,F,SK,Minor,Clear,Loc178,24,Daylight,Bus,2924,M,23,19,Slight,75,0,Night
AID0282,S,HP,Moderate,Fog,Loc28,524,Night,Truck,1562,M,27,14,Serious,69,5,Morning
AID0283,S,RJ,Moderate,Fog,Loc94,808,Night,Car,2906,M,53,0,Slight,39,8,Morning
AID0284,F,TR,Minor,Storm,Loc195,214,Twilight,Car,1547,F,24,14,Serious,68,2,Night
AID0285,M,JH,Severe,Fog,Loc123,1716,Daylight,Motorcycle,2063,M,23,10,Fatal,24,17,Evening
AID0286,W,AS,Minor,Rain,Loc66,1101,Daylight,Bus,2603,F,45,7,Slight,44,11,Morning
AID0287,F,SK,Moderate,Rain,Loc122,938,Twilight,Bus,2847,M,36,2,Fatal,62,9,Morning
AID0288,T,HR,Severe,Storm,Loc70,1840,Night,Motorcycle,2312,M,68,1,Fatal,27,18,Evening
AID0289,W,NL,Minor,Snow,Loc12,1433,Night,Truck,2504,F,61,11,Slight,10,14,Afternoon
AID0290,F,ML,Moderate,Snow,Loc160,1104,Twilight,Bus,2656,F,23,13,Slight,34,11,Morning
AID0291,T,TN,Severe,Fog,Loc116,10,Daylight,Truck,2372,M,24,19,Fatal,76,0,Night
AID0292,M,JH,Minor,Snow,Loc60,1332,Daylight,Bus,2229,F,47,0,Serious,80,13,Afternoon
AID0293,T,OD,Moderate,Storm,Loc79,2123,Night,Motorcycle,982,M,60,17,Fatal,63,21,Night
AID0294,F,MN,Severe,Fog,Loc124,1052,Night,Bus,2758,M,30,3,Slight,42,10,Morning
AID0295,T,AS,Severe,Clear,Loc184,1013,Night,Motorcycle,2702,M,22,11,Slight,15,10,Morning
AID0296,M,MP,Severe,Clear,Loc69,1612,Twilight,Bus,2486,F,58,6,Slight,25,16,Afternoon
AID0297,F,GJ,Severe,Rain,Loc46,1505,Night,Car,1510,M,57,5,Fatal,74,15,Afternoon
AID0298,S,MN,Minor,Fog,Loc195,1257,Night,Truck,2888,F,50,5,Slight,19,12,Afternoon
AID0299,F,OD,Severe,Rain,Loc174,1339,Daylight,Motorcycle,969,M,22,4,Serious,64,13,Afternoon
AID0300,T,SK,Minor,Clear,Loc60,1954,Night,Motorcycle,2430,M,18,19,Serious,3,19,Evening
AID0301,T,TR,Minor,Snow,Loc105,807,Night,Motorcycle,1704,M,38,10,Fatal,74,8,Morning
AID0302,T,MN,Moderate,Snow,Loc69,1409,Twilight,Truck,1708,F,23,14,Slight,46,14,Afternoon
AID0303,T,GA,Moderate,Rain,Loc27,11,Twilight,Car,2921,F,47,16,Serious,64,0,Night
AID0304,F,BR,Moderate,Fog,Loc176,2011,Night,Truck,2772,F,31,16,Serious,15,20,Evening
AID0305,T,MP,Minor,Rain,Loc4,1345,Daylight,Car,1049,F,70,10,Serious,22,13,Afternoon
AID0306,F,BR,Minor,Clear,Loc128,2157,Daylight,Truck,2597,M,59,2,Slight,21,21,Night
AID0307,T,UP,Severe,Fog,Loc91,558,Night,Bus,2484,F,21,2,Slight,72,5,Morning
AID0308,S,UK,Severe,Snow,Loc77,1656,Night,Bus,1729,F,62,14,Fatal,16,16,Afternoon
AID0309,S,JH,Severe,Storm,Loc63,304,Daylight,Motorcycle,840,F,20,4,Slight,69,3,Night
AID0310,S,UK,Minor,Rain,Loc138,738,Daylight,Car,2756,M,25,7,Slight,56,7,Morning
AID0311,T,UK,Severe,Clear,Loc44,1059,Daylight,Bus,2612,F,62,0,Fatal,12,10,Morning
AID0312,S,SK,Minor,Rain,Loc164,1146,Night,Car,2625,F,56,8,Slight,18,11,Morning
AID0313,T,DL,Severe,Snow,Loc183,1231,Night,Bus,1744,F,56,17,Serious,45,12,Afternoon
AID0314,T,CG,Moderate,Rain,Loc193,1446,Daylight,Motorcycle,2233,F,68,7,Fatal,75,14,Afternoon
AID0315,S,MH,Moderate,Storm,Loc110,947,Twilight,Car,2164,F,50,17,Serious,44,9,Morning
AID0316,W,AR,Moderate,Storm,Loc34,509,Night,Truck,1697,M,62,17,Fatal,50,5,Morning
AID0317,S,GA,Moderate,Storm,Loc105,1125,Night,Truck,1836,M,56,18,Serious,78,11,Morning
AID0318,F,CG,Minor,Clear,Loc127,500,Daylight,Motorcycle,2794,F,19,10,Slight,45,5,Morning
AID0319,S,HR,Minor,Storm,Loc27,337,Night,Truck,1355,M,64,1,Serious,31,3,Night
AID0320,T,MZ,Moderate,Rain,Loc146,303,Twilight,Bus,918,M,36,0,Slight,43,3,Night
AID0321,T,MN,Minor,Snow,Loc166,1723,Daylight,Car,2983,F,59,9,Fatal,79,17,Evening
AID0322,S,TN,Severe,Snow,Loc67,2219,Daylight,Bus,2869,F,21,13,Fatal,77,22,Night
AID0323,F,JH,Severe,Fog,Loc7,249,Daylight,Motorcycle,1421,F,60,19,Serious,68,2,Night
AID0324,S,KL,Moderate,Rain,Loc88,2103,Daylight,Truck,2486,M,55,14,Fatal,28,21,Night
AID0325,T,NL,Minor,Rain,Loc11,236,Twilight,Motorcycle,2259,F,20,17,Slight,34,2,Night
AID0326,M,AP,Minor,Clear,Loc41,1059,Daylight,Car,1415,F,36,2,Fatal,36,10,Morning
AID0327,F,DL,Minor,Rain,Loc125,1834,Night,Truck,1919,M,20,13,Fatal,39,18,Evening
AID0328,M,TR,Moderate,Rain,Loc144,203,Daylight,Motorcycle,2132,F,23,0,Serious,69,2,Night
AID0329,W,KA,Minor,Rain,Loc164,1031,Twilight,Truck,1920,F,40,1,Fatal,1,10,Morning
AID0330,T,JH,Minor,Clear,Loc64,12,Daylight,Car,2062,F,46,10,Slight,46,0,Night
AID0331,M,TN,Moderate,Storm,Loc79,1932,Night,Bus,822,M,65,9,Slight,41,19,Evening
AID0332,S,MP,Moderate,Snow,Loc107,2044,Night,Truck,1271,M,62,15,Serious,51,20,Evening
AID0333,W,CG,Severe,Snow,Loc3,1247,Night,Car,1875,F,63,8,Fatal,71,12,Afternoon
AID0334,F,AR,Minor,Fog,Loc186,1220,Twilight,Motorcycle,1303,M,57,7,Slight,62,12,Afternoon
AID0335,W,MN,Minor,Fog,Loc176,718,Night,Truck,1450,M,24,10,Fatal,76,7,Morning
AID0336,F,GA,Moderate,Fog,Loc156,929,Daylight,Motorcycle,841,F,56,15,Fatal,2,9,Morning
AID0337,F,DL,Minor,Snow,Loc7,2050,Night,Bus,2790,M,19,1,Fatal,36,20,Evening
AID0338,S,TR,Severe,Snow,Loc143,1641,Twilight,Motorcycle,2914,F,22,11,Serious,61,16,Afternoon
AID0339,M,AS,Minor,Fog,Loc181,1657,Night,Motorcycle,1497,M,54,16,Serious,74,16,Afternoon
AID0340,M,HP,Severe,Rain,Loc181,142,Twilight,Truck,2460,M,59,19,Slight,57,1,Night
AID0341,W,KL,Minor,Snow,Loc117,1743,Twilight,Motorcycle,1152,M,53,2,Slight,29,17,Evening
AID0342,S,HR,Minor,Snow,Loc48,303,Night,Car,1149,F,50,15,Slight,18,3,Night
AID0343,M,UK,Moderate,Storm,Loc35,1030,Twilight,Car,1432,F,26,5,Slight,46,10,Morning
AID0344,S,TR,Severe,Rain,Loc76,447,Daylight,Motorcycle,2165,F,69,1,Serious,43,4,Night
AID0345,T,NL,Moderate,Fog,Loc121,806,Night,Bus,1214,M,55,10,Serious,52,8,Morning
AID0346,S,AP,Moderate,Rain,Loc38,1106,Night,Car,1812,F,58,20,Serious,68,11,Morning
AID0347,S,PB,Moderate,Fog,Loc152,1133,Twilight,Bus,1600,M,49,1,Slight,38,11,Morning
AID0348,S,NL,Moderate,Storm,Loc34,1,Night,Motorcycle,2106,F,28,10,Serious,41,0,Night
AID0349,W,AP,Severe,Snow,Loc41,1307,Daylight,Bus,1161,M,59,7,Serious,74,13,Afternoon
AID0350,F,GJ,Severe,Snow,Loc94,1828,Daylight,Car,1423,M,28,0,Serious,59,18,Evening
AID0351,S,HR,Moderate,Clear,Loc165,2309,Twilight,Motorcycle,2590,M,32,8,Fatal,9,23,Night
AID0352,T,MH,Minor,Storm,Loc4,1838,Daylight,Car,1246,F,68,19,Slight,4,18,Evening
AID0353,S,RJ,Moderate,Fog,Loc4,1328,Daylight,Motorcycle,2540,M,23,12,Fatal,38,13,Afternoon
AID0354,M,AP,Moderate,Clear,Loc109,1400,Twilight,Motorcycle,1696,M,33,4,Serious,26,14,Afternoon
AID0355,F,ML,Moderate,Storm,Loc104,822,Night,Bus,2051,F,32,0,Serious,60,8,Morning
AID0356,S,DL,Severe,Clear,Loc175,1519,Daylight,Truck,1868,F,69,4,Serious,61,15,Afternoon
AID0357,M,CG,Minor,Storm,Loc76,1744,Night,Truck,1931,F,61,20,Slight,47,17,Evening
AID0358,T,MZ,Severe,Storm,Loc7,1808,Twilight,Truck,2514,F,49,0,Slight,60,18,Evening
AID0359,S,AP,Minor,Storm,Loc80,1727,Night,Truck,2224,F,29,19,Serious,13,17,Evening
AID0360,F,AP,Severe,Clear,Loc124,728,Twilight,Truck,1676,F,61,2,Fatal,52,7,Morning
AID0361,F,UK,Moderate,Storm,Loc4,935,Twilight,Motorcycle,2450,M,67,6,Slight,41,9,Morning
AID0362,M,ML,Moderate,Rain,Loc176,1414,Daylight,Motorcycle,2580,M,50,18,Fatal,76,14,Afternoon
AID0363,F,DL,Severe,Fog,Loc169,551,Night,Car,1876,M,61,0,Fatal,62,5,Morning
AID0364,T,PB,Minor,Clear,Loc193,1731,Daylight,Truck,1677,M,27,9,Slight,48,17,Evening
AID0365,T,ML,Moderate,Clear,Loc190,2113,Night,Bus,2066,F,39,8,Slight,15,21,Night
AID0366,W,BR,Moderate,Rain,Loc142,2052,Night,Bus,1294,F,31,10,Fatal,51,20,Evening
AID0367,S,MH,Minor,Fog,Loc21,1629,Daylight,Bus,1052,M,34,17,Fatal,78,16,Afternoon
AID0368,S,PB,Moderate,Storm,Loc60,1919,Night,Bus,1503,M,52,3,Serious,54,19,Evening
AID0369,F,TR,Minor,Rain,Loc92,2204,Daylight,Truck,1236,M,38,13,Slight,43,22,Night
AID0370,M,BR,Minor,Storm,Loc100,2053,Night,Car,2473,F,50,4,Slight,25,20,Evening
AID0371,S,AP,Moderate,Storm,Loc150,2307,Twilight,Car,2284,M,47,19,Serious,18,23,Night
AID0372,W,AP,Minor,Clear,Loc174,442,Daylight,Motorcycle,1216,M,39,4,Slight,80,4,Night
AID0373,W,PB,Minor,Rain,Loc184,1157,Twilight,Bus,2566,M,61,5,Serious,30,11,Morning
AID0374,W,PB,Minor,Clear,Loc81,631,Twilight,Truck,1730,F,59,1,Slight,28,6,Morning
AID0375,S,KL,Severe,Snow,Loc185,2120,Daylight,Car,2450,F,69,7,Fatal,45,21,Night
AID0376,S,GJ,Moderate,Rain,Loc74,1733,Twilight,Bus,1075,F,22,15,Serious,67,17,Evening
AID0377,F,GA,Severe,Rain,Loc42,807,Night,Truck,2112,M,26,5,Fatal,61,8,Morning
AID0378,M,WB,Moderate,Snow,Loc159,2113,Night,Bus,1119,M,49,11,Slight,53,21,Night
AID0379,M,AS,Moderate,Snow,Loc187,2320,Night,Motorcycle,2404,M,44,7,Serious,4,23,Night
AID0380,T,AS,Moderate,Storm,Loc80,2200,Twilight,Truck,2622,M,21,20,Serious,46,22,Night
AID0381,F,KL,Severe,Fog,Loc197,2212,Night,Car,1940,M,52,19,Slight,64,22,Night
AID0382,W,RJ,Moderate,Rain,Loc82,1216,Daylight,Bus,1832,F,37,9,Slight,40,12,Afternoon
AID0383,M,MP,Severe,Clear,Loc7,1228,Daylight,Truck,1941,F,33,8,Slight,80,12,Afternoon
AID0384,F,UP,Minor,Fog,Loc165,1824,Twilight,Truck,927,M,28,6,Fatal,37,18,Evening
AID0385,S,WB,Severe,Fog,Loc56,1453,Twilight,Motorcycle,906,F,52,0,Fatal,59,14,Afternoon
AID0386,W,BR,Moderate,Clear,Loc36,456,Twilight,Truck,993,M,53,8,Fatal,73,4,Night
AID0387,S,KL,Moderate,Snow,Loc47,959,Daylight,Truck,1482,M,24,10,Fatal,10,9,Morning
AID0388,S,SK,Minor,Storm,Loc111,142,Twilight,Bus,1509,M,65,11,Serious,13,1,Night
AID0389,T,MZ,Moderate,Storm,Loc34,129,Twilight,Car,2426,M,36,2,Slight,46,1,Night
AID0390,T,ML,Moderate,Fog,Loc149,949,Twilight,Car,2697,M,49,3,Fatal,24,9,Morning
AID0391,F,GA,Moderate,Fog,Loc11,659,Night,Bus,2570,M,61,13,Serious,35,6,Morning
AID0392,T,MN,Moderate,Fog,Loc82,619,Daylight,Motorcycle,1117,F,58,11,Slight,61,6,Morning
AID0393,T,KL,Moderate,Fog,Loc170,52,Twilight,Car,1912,F,22,3,Serious,33,0,Night
AID0394,S,WB,Severe,Rain,Loc79,951,Twilight,Motorcycle,1417,M,56,20,Serious,73,9,Morning
AID0395,W,HP,Severe,Clear,Loc24,2034,Daylight,Bus,1186,F,55,3,Fatal,23,20,Evening
AID0396,F,HP,Minor,Storm,Loc81,2146,Daylight,Car,2735,M,42,18,Fatal,3,21,Night
AID0397,T,BR,Minor,Rain,Loc67,923,Twilight,Car,1505,F,66,5,Serious,68,9,Morning
AID0398,F,KL,Minor,Storm,Loc160,633,Daylight,Bus,1087,M,50,7,Serious,58,6,Morning
AID0399,T,AP,Moderate,Rain,Loc198,1539,Daylight,Truck,1552,F,59,9,Fatal,16,15,Afternoon
AID0400,S,GA,Minor,Rain,Loc193,2101,Daylight,Motorcycle,1046,M,22,11,Serious,59,21,Night
AID0401,S,HP,Moderate,Snow,Loc32,2159,Twilight,Truck,2962,F,31,17,Slight,6,21,Night
AID0402,S,HP,Severe,Clear,Loc181,631,Twilight,Bus,2418,F,56,20,Serious,68,6,Morning
AID0403,W,AP,Severe,Rain,Loc141,2235,Daylight,Bus,2995,M,21,11,Fatal,33,22,Night
AID0404,F,UP,Moderate,Clear,Loc95,1530,Daylight,Car,1328,M,45,13,Fatal,54,15,Afternoon
AID0405,S,AP,Severe,Clear,Loc184,319,Daylight,Truck,2268,M,49,4,Slight,13,3,Night
AID0406,F,KL,Minor,Fog,Loc116,1834,Daylight,Car,1626,M,26,3,Fatal,79,18,Evening
AID0407,F,MH,Severe,Rain,Loc180,1807,Night,Truck,2801,F,58,18,Serious,15,18,Evening
AID0408,W,JH,Minor,Rain,Loc67,623,Daylight,Motorcycle,2098,M,65,0,Fatal,41,6,Morning
AID0409,T,TN,Moderate,Clear,Loc138,48,Twilight,Car,2161,M,62,2,Fatal,7,0,Night
AID0410,M,AR,Minor,Storm,Loc143,842,Daylight,Car,2320,F,27,5,Slight,55,8,Morning
AID0411,S,PB,Severe,Storm,Loc118,2020,Twilight,Bus,2247,M,63,12,Serious,38,20,Evening
AID0412,T,RJ,Moderate,Rain,Loc14,1601,Daylight,Truck,2219,M,59,16,Serious,72,16,Afternoon
AID0413,F,TN,Moderate,Snow,Loc81,1048,Daylight,Bus,1823,F,56,7,Serious,58,10,Morning
AID0414,S,ML,Moderate,Clear,Loc155,2235,Twilight,Motorcycle,2749,M,67,18,Fatal,62,22,Night
AID0415,S,CG,Minor,Fog,Loc104,452,Night,Truck,1164,M,62,8,Serious,17,4,Night
AID0416,M,CG,Severe,Rain,Loc28,320,Daylight,Car,1993,M,48,14,Serious,50,3,Night
AID0417,S,KL,Moderate,Fog,Loc123,2337,Twilight,Truck,2740,M,25,13,Serious,77,23,Night
AID0418,M,BR,Minor,Storm,Loc127,24,Daylight,Truck,1318,M,56,12,Serious,69,0,Night
AID0419,W,KA,Moderate,Fog,Loc2,2050,Daylight,Motorcycle,2938,M,26,4,Serious,69,20,Evening
AID0420,S,SK,Minor,Fog,Loc106,1253,Night,Bus,2662,M,61,18,Serious,73,12,Afternoon
AID0421,S,CG,Moderate,Fog,Loc128,1855,Daylight,Car,2287,F,42,6,Slight,74,18,Evening
AID0422,T,RJ,Minor,Clear,Loc160,1458,Twilight,Car,2371,M,33,10,Slight,18,14,Afternoon
AID0423,F,OD,Moderate,Snow,Loc16,355,Night,Truck,1832,M,59,5,Fatal,12,3,Night
AID0424,S,OD,Minor,Fog,Loc155,2059,Twilight,Bus,2859,F,39,3,Fatal,3,20,Evening
AID0425,S,SK,Moderate,Snow,Loc129,746,Night,Truck,2767,M,28,0,Serious,42,7,Morning
AID0426,W,TN,Moderate,Rain,Loc94,1531,Night,Motorcycle,1031,F,25,4,Serious,18,15,Afternoon
AID0427,S,PB,Moderate,Fog,Loc182,2132,Twilight,Truck,1175,M,18,1,Serious,3,21,Night
AID0428,M,NL,Minor,Storm,Loc128,1037,Daylight,Truck,1457,F,34,7,Slight,78,10,Morning
AID0429,F,JH,Moderate,Rain,Loc76,1949,Night,Car,2617,F,34,2,Serious,26,19,Evening
AID0430,T,DL,Minor,Snow,Loc24,136,Night,Truck,1407,M,56,10,Serious,37,1,Night
AID0431,S,OD,Moderate,Rain,Loc145,257,Night,Truck,1932,F,34,17,Serious,5,2,Night
AID0432,W,KA,Severe,Snow,Loc55,338,Daylight,Truck,2964,F,49,7,Slight,67,3,Night
AID0433,T,GA,Minor,Fog,Loc38,614,Daylight,Truck,2864,F,42,10,Slight,37,6,Morning
AID0434,T,GA,Minor,Snow,Loc50,1333,Night,Motorcycle,2578,F,46,19,Serious,74,13,Afternoon
AID0435,T,MN,Moderate,Fog,Loc183,509,Twilight,Truck,2500,F,21,18,Serious,20,5,Morning
AID0436,S,AP,Minor,Storm,Loc67,104,Twilight,Truck,2492,F,23,2,Serious,52,1,Night
AID0437,T,UP,Moderate,Rain,Loc98,227,Daylight,Truck,1417,M,65,1,Serious,53,2,Night
AID0438,W,GA,Minor,Snow,Loc56,1225,Night,Truck,1950,F,36,7,Slight,6,12,Afternoon
AID0439,S,MZ,Moderate,Clear,Loc105,554,Daylight,Bus,934,F,31,5,Serious,21,5,Morning
AID0440,T,JH,Severe,Clear,Loc68,1029,Daylight,Motorcycle,1067,F,20,19,Fatal,51,10,Morning
AID0441,M,RJ,Moderate,Storm,Loc48,513,Daylight,Motorcycle,2250,M,43,2,Fatal,22,5,Morning
AID0442,T,KL,Minor,Storm,Loc50,628,Night,Car,1313,M,70,0,Fatal,31,6,Morning
AID0443,F,TR,Minor,Clear,Loc118,1407,Daylight,Motorcycle,2100,M,54,5,Fatal,65,14,Afternoon
AID0444,T,GA,Minor,Clear,Loc15,1103,Twilight,Motorcycle,2443,F,31,6,Fatal,59,11,Morning
AID0445,W,AP,Moderate,Rain,Loc4,1654,Night,Bus,918,F,48,19,Slight,78,16,Afternoon
AID0446,T,UP,Minor,Fog,Loc11,322,Twilight,Car,1936,F,39,0,Serious,45,3,Night
AID0447,F,TR,Moderate,Fog,Loc32,1357,Daylight,Car,2474,M,39,7,Slight,36,13,Afternoon
AID0448,M,PB,Severe,Storm,Loc149,622,Twilight,Car,2102,F,58,7,Fatal,5,6,Morning
AID0449,S,AP,Minor,Clear,Loc104,1838,Night,Car,2250,M,36,13,Serious,61,18,Evening
AID0450,S,HP,Moderate,Storm,Loc174,330,Daylight,Car,2176,M,23,2,Fatal,16,3,Night
AID0451,F,GJ,Minor,Snow,Loc7,2031,Night,Truck,1386,F,42,17,Slight,33,20,Evening
AID0452,M,DL,Moderate,Storm,Loc136,1359,Twilight,Truck,1564,F,21,12,Slight,46,13,Afternoon
AID0453,S,TR,Moderate,Clear,Loc14,2152,Twilight,Truck,2572,M,56,0,Serious,45,21,Night
AID0454,W,GJ,Severe,Rain,Loc67,308,Daylight,Bus,2684,M,19,14,Serious,21,3,Night
AID0455,S,PB,Severe,Rain,Loc131,1609,Twilight,Truck,1236,M,50,14,Fatal,21,16,Afternoon
AID0456,T,MP,Moderate,Clear,Loc130,228,Night,Bus,2864,F,27,6,Slight,37,2,Night
AID0457,F,GJ,Severe,Snow,Loc5,1025,Twilight,Car,1935,F,66,4,Fatal,52,10,Morning
AID0458,M,MP,Severe,Storm,Loc171,933,Daylight,Motorcycle,1760,F,29,0,Fatal,58,9,Morning
AID0459,M,KL,Severe,Clear,Loc98,1529,Daylight,Truck,2759,M,38,1,Serious,37,15,Afternoon
AID0460,W,GJ,Severe,Rain,Loc133,1936,Twilight,Truck,1479,F,36,8,Fatal,48,19,Evening
AID0461,S,HP,Minor,Storm,Loc32,658,Daylight,Bus,2863,M,34,12,Slight,44,6,Morning
AID0462,W,MP,Minor,Snow,Loc80,1943,Twilight,Car,1681,F,60,14,Fatal,27,19,Evening
AID0463,T,HP,Moderate,Storm,Loc200,1822,Daylight,Truck,1770,F,35,19,Serious,3,18,Evening
AID0464,S,BR,Minor,Clear,Loc18,1055,Twilight,Bus,2424,M,34,17,Fatal,33,10,Morning
AID0465,T,AS,Moderate,Rain,Loc187,644,Twilight,Truck,1831,M,22,3,Fatal,49,6,Morning
AID0466,T,KL,Severe,Clear,Loc190,21,Night,Truck,2092,M,43,8,Serious,31,0,Night
AID0467,W,JH,Moderate,Clear,Loc15,118,Twilight,Truck,1264,M,59,12,Fatal,17,1,Night
AID0468,M,AS,Minor,Storm,Loc36,1613,Twilight,Car,801,F,63,0,Slight,27,16,Afternoon
AID0469,T,AS,Moderate,Fog,Loc56,2328,Twilight,Truck,2119,M,54,16,Fatal,46,23,Night
AID0470,S,TN,Minor,Snow,Loc87,1711,Night,Bus,1974,F,53,12,Fatal,31,17,Evening
AID0471,M,AS,Moderate,Fog,Loc34,1534,Daylight,Motorcycle,1674,M,55,14,Serious,13,15,Afternoon
AID0472,T,JH,Minor,Rain,Loc24,1745,Twilight,Truck,2268,M,45,11,Serious,33,17,Evening
AID0473,W,BR,Minor,Storm,Loc143,1941,Twilight,Car,2302,M,55,7,Serious,48,19,Evening
AID0474,W,AS,Severe,Fog,Loc25,327,Daylight,Motorcycle,2319,M,62,10,Slight,50,3,Night
AID0475,S,MH,Severe,Snow,Loc106,836,Daylight,Truck,1480,M,63,13,Slight,18,8,Morning
AID0476,F,BR,Minor,Rain,Loc43,923,Twilight,Motorcycle,1975,F,32,18,Fatal,12,9,Morning
AID0477,S,UP,Severe,Fog,Loc102,624,Twilight,Bus,803,M,22,5,Serious,29,6,Morning
AID0478,S,NL,Severe,Rain,Loc177,2343,Daylight,Truck,1076,F,67,16,Serious,60,23,Night
AID0479,T,GJ,Severe,Fog,Loc100,1652,Twilight,Car,2772,M,41,11,Slight,55,16,Afternoon
AID0480,T,GA,Severe,Fog,Loc91,1746,Daylight,Car,2205,M,47,17,Fatal,58,17,Evening
AID0481,S,MP,Severe,Fog,Loc68,1444,Twilight,Motorcycle,1086,F,21,7,Serious,73,14,Afternoon
AID0482,M,TN,Severe,Fog,Loc137,1753,Daylight,Bus,1567,F,50,2,Slight,31,17,Evening
AID0483,T,ML,Minor,Fog,Loc183,2211,Night,Truck,1328,F,32,15,Slight,78,22,Night
AID0484,M,KA,Minor,Clear,Loc171,810,Twilight,Truck,2152,F,55,10,Serious,14,8,Morning
AID0485,M,OD,Minor,Rain,Loc96,214,Daylight,Car,894,M,67,2,Fatal,5,2,Night
AID0486,T,AP,Severe,Storm,Loc179,426,Night,Bus,2973,M,62,1,Fatal,17,4,Night
AID0487,M,DL,Severe,Rain,Loc175,1913,Daylight,Motorcycle,1265,F,51,17,Serious,33,19,Evening
AID0488,S,UK,Severe,Snow,Loc151,1607,Twilight,Truck,1851,M,38,12,Serious,59,16,Afternoon
AID0489,S,MZ,Moderate,Storm,Loc154,518,Night,Bus,1058,M,34,16,Fatal,25,5,Morning
AID0490,T,RJ,Severe,Rain,Loc163,520,Daylight,Motorcycle,1286,M,66,5,Serious,53,5,Morning
AID0491,M,PB,Moderate,Snow,Loc193,1754,Night,Bus,2449,F,38,14,Fatal,28,17,Evening
AID0492,F,MN,Minor,Storm,Loc56,1555,Twilight,Car,1107,M,39,3,Slight,60,15,Afternoon
AID0493,S,MZ,Moderate,Snow,Loc110,346,Daylight,Car,1995,M,19,4,Serious,71,3,Night
AID0494,T,BR,Severe,Rain,Loc180,557,Twilight,Car,2836,M,27,13,Fatal,61,5,Morning
AID0495,T,JH,Severe,Fog,Loc99,759,Night,Motorcycle,2821,M,68,20,Fatal,34,7,Morning
AID0496,T,OD,Minor,Clear,Loc80,1919,Daylight,Motorcycle,1455,M,51,1,Fatal,57,19,Evening
AID0497,T,TR,Severe,Rain,Loc25,1856,Night,Truck,965,F,31,11,Serious,58,18,Evening
AID0498,W,TR,Minor,Snow,Loc178,1006,Night,Car,2947,F,35,5,Serious,7,10,Morning
AID0499,W,UP,Severe,Fog,Loc5,259,Daylight,Truck,1716,F,54,2,Fatal,12,2,Night
AID0500,S,ML,Minor,Snow,Loc75,2301,Daylight,Motorcycle,2074,F,32,4,Fatal,9,23,Night
AID0501,S,UP,Minor,Fog,Loc121,611,Night,Car,859,F,35,6,Slight,58,6,Morning
AID0502,T,UK,Severe,Clear,Loc182,426,Night,Car,2318,F,34,17,Fatal,33,4,Night
AID0503,W,AS,Moderate,Fog,Loc30,1652,Night,Truck,1424,F,24,13,Serious,42,16,Afternoon
AID0504,W,UP,Minor,Clear,Loc32,2320,Night,Bus,946,F,30,12,Fatal,4,23,Night
AID0505,T,ML,Moderate,Storm,Loc123,2258,Twilight,Truck,1489,M,21,11,Slight,71,22,Night
AID0506,F,TR,Moderate,Fog,Loc63,2002,Twilight,Truck,875,F,56,16,Serious,16,20,Evening
AID0507,M,AR,Severe,Clear,Loc42,1013,Night,Bus,1823,F,32,5,Serious,8,10,Morning
AID0508,S,DL,Moderate,Clear,Loc157,334,Daylight,Truck,2812,M,64,1,Serious,59,3,Night
AID0509,M,CG,Severe,Clear,Loc102,227,Twilight,Motorcycle,2368,M,69,0,Fatal,53,2,Night
AID0510,F,MP,Severe,Fog,Loc140,231,Night,Truck,1149,F,69,3,Serious,8,2,Night
AID0511,W,AR,Severe,Storm,Loc5,844,Night,Bus,1724,F,31,13,Slight,38,8,Morning
AID0512,S,GJ,Severe,Clear,Loc191,313,Twilight,Bus,2387,M,35,8,Fatal,71,3,Night
AID0513,M,RJ,Severe,Snow,Loc108,2204,Night,Motorcycle,1914,M,33,6,Fatal,64,22,Night
AID0514,M,MN,Severe,Fog,Loc149,414,Twilight,Truck,1051,F,43,17,Serious,5,4,Night
AID0515,T,CG,Severe,Fog,Loc185,901,Night,Truck,2231,F,70,17,Slight,52,9,Morning
AID0516,F,UK,Minor,Rain,Loc140,1103,Night,Car,2479,M,38,20,Slight,50,11,Morning
AID0517,T,MN,Moderate,Snow,Loc107,1019,Twilight,Truck,1766,M,41,3,Slight,44,10,Morning
AID0518,S,BR,Minor,Fog,Loc124,758,Daylight,Truck,2620,M,28,13,Slight,6,7,Morning
AID0519,T,GA,Moderate,Snow,Loc143,833,Daylight,Truck,1606,F,50,4,Fatal,66,8,Morning
AID0520,F,TR,Minor,Clear,Loc63,28,Twilight,Car,1060,F,24,13,Slight,59,0,Night
AID0521,F,PB,Severe,Fog,Loc133,43,Twilight,Truck,822,M,67,16,Fatal,52,0,Night
AID0522,T,AS,Minor,Fog,Loc94,1657,Night,Motorcycle,1679,F,67,13,Fatal,55,16,Afternoon
AID0523,S,GJ,Severe,Snow,Loc14,1559,Twilight,Bus,1885,F,50,8,Serious,61,15,Afternoon
AID0524,T,GJ,Moderate,Fog,Loc172,1046,Night,Car,2717,M,21,2,Serious,78,10,Morning
AID0525,S,UP,Minor,Clear,Loc49,151,Daylight,Car,823,F,30,17,Slight,21,1,Night
AID0526,W,OD,Severe,Storm,Loc93,436,Night,Bus,2991,M,65,13,Serious,1,4,Night
AID0527,T,DL,Severe,Fog,Loc16,230,Night,Car,2581,F,48,7,Fatal,33,2,Night
AID0528,T,MH,Moderate,Rain,Loc170,54,Daylight,Bus,2097,F,37,6,Fatal,4,0,Night
AID0529,T,MN,Minor,Clear,Loc178,1738,Daylight,Car,2207,F,48,13,Fatal,58,17,Evening
AID0530,M,UK,Minor,Rain,Loc198,405,Twilight,Bus,813,F,51,5,Slight,61,4,Night
AID0531,F,BR,Severe,Rain,Loc10,227,Twilight,Bus,932,F,60,16,Fatal,27,2,Night
AID0532,T,UP,Severe,Fog,Loc106,749,Night,Truck,2304,M,34,5,Fatal,42,7,Morning
AID0533,S,WB,Minor,Storm,Loc193,1400,Twilight,Motorcycle,2327,M,67,9,Fatal,14,14,Afternoon
AID0534,S,CG,Minor,Snow,Loc41,2001,Daylight,Bus,1389,M,52,7,Slight,38,20,Evening
AID0535,W,SK,Moderate,Snow,Loc130,936,Night,Truck,2431,M,49,6,Slight,74,9,Morning
AID0536,T,UP,Severe,Fog,Loc103,1012,Night,Motorcycle,1445,F,42,5,Slight,80,10,Morning
AID0537,T,MZ,Minor,Snow,Loc164,426,Daylight,Truck,1396,F,45,11,Fatal,24,4,Night
AID0538,S,DL,Moderate,Fog,Loc94,2237,Night,Motorcycle,2348,F,34,13,Fatal,75,22,Night
AID0539,M,OD,Moderate,Clear,Loc63,1243,Night,Bus,1323,F,49,20,Serious,19,12,Afternoon
AID0540,S,NL,Severe,Storm,Loc17,709,Twilight,Motorcycle,2112,F,47,9,Serious,21,7,Morning
AID0541,T,KL,Minor,Snow,Loc27,1802,Daylight,Motorcycle,2258,F,24,2,Slight,29,18,Evening
AID0542,M,TR,Severe,Storm,Loc161,1752,Night,Motorcycle,2533,M,18,12,Fatal,4,17,Evening
AID0543,S,TN,Severe,Snow,Loc103,1224,Night,Truck,1521,M,31,14,Fatal,33,12,Afternoon
AID0544,S,CG,Minor,Clear,Loc157,1836,Daylight,Truck,1758,F,43,0,Fatal,27,18,Evening
AID0545,M,AP,Severe,Fog,Loc84,558,Daylight,Motorcycle,2501,M,70,16,Fatal,21,5,Morning
AID0546,S,MZ,Moderate,Storm,Loc166,456,Night,Truck,2703,F,50,0,Serious,74,4,Night
AID0547,F,KA,Minor,Clear,Loc167,411,Night,Truck,1991,F,18,1,Fatal,1,4,Night
AID0548,T,UP,Minor,Storm,Loc50,2311,Twilight,Car,2056,F,67,5,Slight,79,23,Night
AID0549,T,BR,Severe,Clear,Loc101,1432,Twilight,Truck,2924,F,23,18,Serious,18,14,Afternoon
AID0550,S,GA,Severe,Storm,Loc123,1002,Night,Bus,1552,M,64,9,Fatal,28,10,Morning
AID0551,W,TN,Severe,Rain,Loc20,628,Daylight,Truck,2789,F,37,18,Serious,25,6,Morning
AID0552,W,KA,Severe,Clear,Loc74,1820,Night,Motorcycle,1325,F,48,7,Serious,35,18,Evening
AID0553,S,SK,Minor,Snow,Loc5,949,Daylight,Bus,1113,F,31,18,Serious,31,9,Morning
AID0554,S,AP,Severe,Rain,Loc14,333,Daylight,Bus,1429,F,37,5,Fatal,47,3,Night
AID0555,W,UP,Minor,Clear,Loc111,1143,Night,Car,928,F,22,6,Slight,47,11,Morning
AID0556,S,MN,Moderate,Rain,Loc191,134,Twilight,Motorcycle,2499,F,67,13,Serious,38,1,Night
AID0557,T,NL,Severe,Rain,Loc93,1014,Night,Truck,1797,F,25,0,Fatal,52,10,Morning
AID0558,M,NL,Severe,Snow,Loc133,550,Night,Bus,2833,F,69,9,Fatal,11,5,Morning
AID0559,M,AS,Moderate,Storm,Loc60,728,Twilight,Motorcycle,1337,F,42,9,Fatal,64,7,Morning
AID0560,S,TN,Moderate,Snow,Loc3,545,Daylight,Car,1120,F,60,7,Fatal,38,5,Morning
AID0561,S,AR,Moderate,Rain,Loc78,1134,Night,Bus,1817,F,51,11,Slight,68,11,Morning
AID0562,F,MZ,Moderate,Storm,Loc138,946,Daylight,Car,2670,F,35,6,Serious,14,9,Morning
AID0563,F,GJ,Moderate,Fog,Loc101,1541,Twilight,Bus,1793,M,27,5,Fatal,70,15,Afternoon
AID0564,T,PB,Severe,Fog,Loc101,1659,Daylight,Motorcycle,1102,M,35,7,Slight,22,16,Afternoon
AID0565,T,NL,Minor,Snow,Loc124,1627,Daylight,Truck,2857,F,40,10,Fatal,46,16,Afternoon
AID0566,M,HP,Minor,Storm,Loc142,1459,Daylight,Motorcycle,1414,M,32,17,Fatal,32,14,Afternoon
AID0567,S,NL,Minor,Snow,Loc46,248,Daylight,Truck,2118,M,37,14,Serious,48,2,Night
AID0568,W,GA,Minor,Storm,Loc173,512,Daylight,Motorcycle,2817,F,44,6,Slight,21,5,Morning
AID0569,S,MZ,Severe,Clear,Loc3,1219,Twilight,Truck,932,M,32,13,Fatal,53,12,Afternoon
AID0570,M,DL,Severe,Fog,Loc72,1241,Twilight,Motorcycle,1451,M,68,17,Fatal,17,12,Afternoon
AID0571,F,MH,Minor,Fog,Loc104,620,Night,Car,2814,F,59,6,Serious,77,6,Morning
AID0572,T,HP,Minor,Rain,Loc116,1253,Daylight,Truck,1181,F,35,11,Serious,5,12,Afternoon
AID0573,F,MZ,Minor,Fog,Loc175,509,Daylight,Bus,2027,M,18,11,Slight,46,5,Morning
AID0574,T,NL,Minor,Storm,Loc72,1028,Daylight,Bus,2086,F,66,20,Fatal,45,10,Morning
AID0575,W,MZ,Severe,Clear,Loc150,1345,Twilight,Motorcycle,1179,M,25,11,Slight,3,13,Afternoon
AID0576,T,MN,Severe,Rain,Loc11,309,Daylight,Motorcycle,2902,M,43,1,Fatal,53,3,Night
AID0577,F,SK,Severe,Clear,Loc139,752,Night,Car,1628,M,55,17,Serious,49,7,Morning
AID0578,W,MH,Moderate,Storm,Loc34,1711,Night,Bus,2215,M,66,20,Slight,62,17,Evening
AID0579,F,KA,Severe,Fog,Loc53,715,Night,Truck,2301,F,58,18,Fatal,53,7,Morning
AID0580,S,AS,Severe,Snow,Loc98,902,Twilight,Car,1070,F,19,0,Slight,38,9,Morning
AID0581,S,NL,Moderate,Storm,Loc25,1858,Daylight,Bus,2290,M,46,16,Fatal,13,18,Evening
AID0582,T,SK,Moderate,Fog,Loc72,327,Daylight,Truck,2694,M,42,13,Slight,6,3,Night
AID0583,F,AP,Minor,Rain,Loc134,1425,Night,Motorcycle,2851,M,57,8,Serious,28,14,Afternoon
AID0584,T,HR,Minor,Rain,Loc100,1141,Twilight,Car,2012,F,40,2,Fatal,19,11,Morning
AID0585,W,GJ,Moderate,Rain,Loc63,1046,Daylight,Motorcycle,1677,M,63,3,Serious,55,10,Morning
AID0586,M,UP,Minor,Fog,Loc110,1609,Twilight,Car,1690,F,30,7,Fatal,18,16,Afternoon
AID0587,T,TR,Minor,Rain,Loc42,1727,Twilight,Motorcycle,1908,F,46,2,Fatal,68,17,Evening
AID0588,S,KA,Severe,Snow,Loc162,1127,Daylight,Motorcycle,909,M,43,1,Slight,23,11,Morning
AID0589,M,UP,Severe,Snow,Loc101,904,Twilight,Car,912,M,21,20,Slight,37,9,Morning
AID0590,F,JH,Minor,Storm,Loc83,228,Daylight,Truck,2603,F,44,20,Slight,3,2,Night
AID0591,S,PB,Moderate,Rain,Loc184,1744,Night,Truck,2183,F,54,14,Fatal,10,17,Evening
AID0592,T,WB,Moderate,Fog,Loc150,743,Daylight,Bus,2793,F,60,4,Slight,45,7,Morning
AID0593,S,UP,Moderate,Fog,Loc157,2223,Twilight,Truck,1315,F,42,6,Slight,54,22,Night
AID0594,S,MN,Severe,Fog,Loc53,2343,Night,Motorcycle,2494,F,57,20,Slight,20,23,Night
AID0595,S,UK,Severe,Clear,Loc154,813,Night,Bus,2876,F,20,18,Slight,44,8,Morning
AID0596,S,KL,Severe,Snow,Loc161,1130,Twilight,Truck,829,F,48,3,Fatal,34,11,Morning
AID0597,S,PB,Severe,Storm,Loc55,2106,Daylight,Truck,1986,M,58,3,Slight,60,21,Night
AID0598,S,HR,Severe,Snow,Loc62,2316,Twilight,Motorcycle,2391,M,25,10,Serious,15,23,Night
AID0599,S,MZ,Minor,Snow,Loc55,801,Daylight,Bus,2620,M,21,14,Fatal,51,8,Morning
AID0600,S,JH,Severe,Rain,Loc157,207,Twilight,Car,2332,M,51,4,Slight,66,2,Night
AID0601,M,UK,Minor,Clear,Loc178,616,Daylight,Bus,2253,M,35,18,Fatal,19,6,Morning
AID0602,F,RJ,Minor,Fog,Loc16,922,Twilight,Bus,927,F,70,6,Fatal,49,9,Morning
AID0603,M,TN,Moderate,Fog,Loc27,926,Daylight,Truck,928,M,25,7,Slight,59,9,Morning
AID0604,T,SK,Moderate,Snow,Loc140,2117,Twilight,Motorcycle,1503,F,24,4,Fatal,21,21,Night
AID0605,W,GA,Severe,Fog,Loc148,1946,Twilight,Bus,2048,M,50,12,Fatal,78,19,Evening
AID0606,M,AR,Severe,Snow,Loc151,1931,Night,Truck,1407,F,46,17,Slight,21,19,Evening
AID0607,M,UK,Minor,Clear,Loc177,1857,Daylight,Truck,1847,M,24,0,Fatal,29,18,Evening
AID0608,T,NL,Minor,Fog,Loc139,1426,Night,Motorcycle,2651,M,28,18,Fatal,37,14,Afternoon
AID0609,S,MP,Minor,Rain,Loc39,2057,Night,Car,1273,M,34,6,Slight,78,20,Evening
AID0610,W,CG,Minor,Fog,Loc111,56,Twilight,Truck,1760,M,61,15,Slight,8,0,Night
AID0611,F,UP,Severe,Storm,Loc127,736,Daylight,Car,2898,M,61,19,Fatal,46,7,Morning
AID0612,S,GJ,Moderate,Fog,Loc87,1124,Night,Bus,1852,F,55,0,Fatal,22,11,Morning
AID0613,M,NL,Moderate,Rain,Loc97,2304,Twilight,Motorcycle,2610,M,30,4,Fatal,37,23,Night
AID0614,F,SK,Minor,Rain,Loc172,1348,Twilight,Car,2629,F,25,14,Serious,32,13,Afternoon
AID0615,T,KL,Minor,Snow,Loc108,154,Twilight,Motorcycle,838,M,23,11,Fatal,54,1,Night
AID0616,F,MP,Minor,Fog,Loc123,600,Night,Car,1556,M,37,15,Slight,33,6,Morning
AID0617,S,CG,Moderate,Rain,Loc58,316,Night,Car,1052,M,60,12,Fatal,37,3,Night
AID0618,T,KL,Minor,Storm,Loc177,731,Night,Truck,1088,F,61,10,Serious,11,7,Morning
AID0619,W,AR,Moderate,Snow,Loc82,2312,Night,Motorcycle,2161,F,70,2,Fatal,71,23,Night
AID0620,T,AR,Severe,Clear,Loc120,1311,Night,Truck,2230,F,66,4,Slight,28,13,Afternoon
AID0621,W,PB,Severe,Snow,Loc142,455,Night,Truck,2011,M,67,16,Slight,45,4,Night
AID0622,S,MP,Severe,Fog,Loc46,1046,Twilight,Truck,1604,M,18,8,Slight,8,10,Morning
AID0623,F,AS,Moderate,Rain,Loc191,1925,Twilight,Motorcycle,1058,M,59,14,Fatal,78,19,Evening
AID0624,M,MH,Severe,Clear,Loc131,1741,Twilight,Truck,1227,F,21,18,Serious,32,17,Evening
AID0625,S,TR,Severe,Snow,Loc65,209,Daylight,Truck,2843,M,70,15,Slight,56,2,Night
AID0626,S,AP,Minor,Clear,Loc112,1612,Night,Bus,2792,F,39,9,Serious,35,16,Afternoon
AID0627,S,BR,Moderate,Fog,Loc81,1210,Twilight,Motorcycle,2961,F,32,19,Slight,39,12,Afternoon
AID0628,W,OD,Severe,Rain,Loc54,1101,Twilight,Motorcycle,2332,F,62,5,Serious,66,11,Morning
AID0629,W,MZ,Severe,Clear,Loc133,749,Night,Truck,900,F,55,12,Fatal,80,7,Morning
AID0630,S,ML,Moderate,Storm,Loc75,2355,Daylight,Car,1666,M,43,8,Slight,77,23,Night
AID0631,S,HR,Moderate,Storm,Loc174,613,Night,Car,1260,F,60,4,Fatal,15,6,Morning
AID0632,S,GA,Moderate,Snow,Loc148,1224,Night,Truck,1083,M,50,10,Slight,77,12,Afternoon
AID0633,F,AP,Minor,Rain,Loc1,2007,Night,Truck,1944,F,47,17,Slight,1,20,Evening
AID0634,T,MP,Minor,Clear,Loc14,2028,Night,Motorcycle,2734,M,65,20,Serious,9,20,Evening
AID0635,W,HR,Minor,Rain,Loc25,1820,Daylight,Car,1895,F,35,3,Slight,53,18,Evening
AID0636,T,JH,Minor,Clear,Loc50,1801,Night,Bus,880,F,47,4,Serious,72,18,Evening
AID0637,F,TN,Minor,Clear,Loc133,1727,Night,Motorcycle,1430,M,33,18,Serious,10,17,Evening
AID0638,S,UP,Moderate,Snow,Loc149,1054,Daylight,Motorcycle,1100,M,66,3,Slight,5,10,Morning
AID0639,T,AP,Severe,Snow,Loc137,146,Daylight,Truck,1384,F,62,1,Fatal,17,1,Night
AID0640,F,WB,Minor,Rain,Loc177,1210,Night,Bus,953,M,25,9,Serious,80,12,Afternoon
AID0641,S,HP,Moderate,Rain,Loc92,905,Night,Truck,2936,F,20,14,Serious,23,9,Morning
AID0642,T,OD,Moderate,Snow,Loc143,1611,Daylight,Car,956,M,51,6,Fatal,48,16,Afternoon
AID0643,T,TN,Minor,Storm,Loc15,557,Night,Motorcycle,1464,F,24,18,Slight,2,5,Morning
AID0644,S,MN,Minor,Clear,Loc77,418,Twilight,Truck,2087,M,30,13,Serious,67,4,Night
AID0645,T,MZ,Minor,Clear,Loc30,234,Night,Motorcycle,2402,F,36,19,Serious,18,2,Night
AID0646,S,RJ,Minor,Storm,Loc148,1836,Night,Truck,1808,M,58,10,Serious,60,18,Evening
AID0647,T,HP,Minor,Fog,Loc166,2037,Daylight,Car,1629,F,38,17,Slight,11,20,Evening
AID0648,T,DL,Minor,Rain,Loc99,531,Night,Car,2107,M,61,7,Serious,55,5,Morning
AID0649,F,SK,Severe,Clear,Loc5,603,Night,Bus,1595,M,62,3,Fatal,25,6,Morning
AID0650,W,GA,Severe,Clear,Loc72,914,Daylight,Bus,877,M,39,13,Serious,24,9,Morning
AID0651,S,RJ,Minor,Clear,Loc116,1259,Twilight,Car,1969,M,29,13,Serious,15,12,Afternoon
AID0652,M,BR,Severe,Clear,Loc188,449,Night,Motorcycle,2117,F,46,15,Slight,62,4,Night
AID0653,T,WB,Moderate,Rain,Loc198,727,Night,Car,2227,F,19,15,Serious,47,7,Morning
AID0654,W,JH,Severe,Fog,Loc71,1134,Twilight,Bus,1304,M,34,20,Slight,51,11,Morning
AID0655,W,WB,Moderate,Fog,Loc81,1,Night,Truck,1794,F,63,7,Fatal,20,0,Night
AID0656,S,OD,Moderate,Storm,Loc38,2348,Daylight,Truck,2802,F,35,14,Serious,62,23,Night
AID0657,M,AP,Severe,Rain,Loc82,121,Twilight,Motorcycle,1191,F,24,6,Fatal,50,1,Night
AID0658,F,UP,Severe,Fog,Loc165,510,Daylight,Car,2657,F,56,8,Serious,23,5,Morning
AID0659,S,UP,Minor,Snow,Loc93,512,Twilight,Truck,2070,M,37,16,Fatal,13,5,Morning
AID0660,S,AP,Severe,Storm,Loc91,314,Daylight,Car,2300,F,67,10,Slight,78,3,Night
AID0661,S,OD,Severe,Storm,Loc80,950,Daylight,Bus,1373,F,32,16,Fatal,37,9,Morning
AID0662,S,KL,Severe,Clear,Loc140,610,Daylight,Car,2315,M,40,20,Fatal,47,6,Morning
AID0663,W,DL,Moderate,Snow,Loc111,756,Twilight,Truck,1116,F,24,13,Serious,44,7,Morning
AID0664,S,TN,Moderate,Snow,Loc113,718,Daylight,Bus,1969,F,52,10,Serious,27,7,Morning
AID0665,S,WB,Moderate,Storm,Loc48,1832,Night,Truck,1076,M,67,10,Serious,61,18,Evening
AID0666,T,UP,Severe,Fog,Loc82,1932,Night,Bus,1742,M,29,13,Serious,3,19,Evening
AID0667,F,NL,Moderate,Clear,Loc64,2104,Daylight,Motorcycle,2858,M,44,12,Serious,70,21,Night
AID0668,T,WB,Severe,Fog,Loc50,919,Twilight,Motorcycle,2712,M,19,8,Serious,47,9,Morning
AID0669,W,CG,Severe,Snow,Loc29,739,Night,Car,2066,M,62,2,Serious,30,7,Morning
AID0670,T,AP,Severe,Clear,Loc175,2028,Daylight,Truck,925,M,33,16,Serious,30,20,Evening
AID0671,T,ML,Moderate,Snow,Loc80,1042,Night,Bus,2797,F,34,18,Fatal,14,10,Morning
AID0672,M,GJ,Minor,Clear,Loc75,1200,Twilight,Bus,1899,F,38,14,Fatal,51,12,Afternoon
AID0673,M,AS,Moderate,Clear,Loc73,1720,Daylight,Car,2363,M,41,16,Serious,46,17,Evening
AID0674,S,AR,Moderate,Clear,Loc157,1510,Twilight,Car,1328,F,57,11,Slight,74,15,Afternoon
AID0675,W,CG,Moderate,Storm,Loc182,429,Daylight,Bus,841,F,40,12,Serious,72,4,Night
AID0676,W,UP,Minor,Storm,Loc120,1600,Daylight,Truck,1501,M,31,2,Serious,20,16,Afternoon
AID0677,S,ML,Moderate,Snow,Loc118,2227,Daylight,Car,2839,F,69,14,Slight,7,22,Night
AID0678,T,KL,Minor,Storm,Loc163,207,Night,Motorcycle,943,M,33,10,Fatal,58,2,Night
AID0679,T,MZ,Minor,Fog,Loc134,1640,Twilight,Bus,1271,M,24,4,Serious,71,16,Afternoon
AID0680,T,PB,Moderate,Fog,Loc124,1129,Twilight,Motorcycle,2104,M,59,16,Serious,36,11,Morning
AID0681,T,CG,Severe,Clear,Loc16,2151,Daylight,Truck,2910,M,60,10,Fatal,27,21,Night
AID0682,W,DL,Moderate,Storm,Loc80,1804,Daylight,Bus,1273,M,57,7,Serious,24,18,Evening
AID0683,S,WB,Minor,Snow,Loc90,6,Twilight,Motorcycle,1917,F,56,16,Slight,14,0,Night
AID0684,F,AS,Minor,Rain,Loc63,1055,Night,Motorcycle,1874,F,70,6,Serious,28,10,Morning
AID0685,T,GJ,Minor,Fog,Loc111,2249,Twilight,Truck,2819,M,20,19,Slight,1,22,Night
AID0686,F,MN,Severe,Storm,Loc192,1104,Night,Bus,1575,F,19,0,Serious,46,11,Morning
AID0687,W,UP,Moderate,Snow,Loc157,1209,Night,Motorcycle,1922,F,45,11,Serious,71,12,Afternoon
AID0688,S,DL,Severe,Snow,Loc117,953,Daylight,Truck,1906,F,58,9,Fatal,65,9,Morning
AID0689,T,RJ,Severe,Rain,Loc19,2020,Night,Truck,1877,F,47,20,Fatal,36,20,Evening
AID0690,F,AP,Severe,Storm,Loc92,1403,Daylight,Car,2461,F,31,7,Slight,40,14,Afternoon
AID0691,T,DL,Severe,Rain,Loc47,52,Twilight,Motorcycle,1626,M,64,0,Serious,80,0,Night
AID0692,F,HP,Moderate,Fog,Loc185,429,Daylight,Bus,1208,M,47,20,Slight,25,4,Night
AID0693,S,MH,Moderate,Rain,Loc78,1456,Twilight,Car,1921,F,34,17,Serious,32,14,Afternoon
AID0694,S,PB,Severe,Storm,Loc114,2017,Night,Car,1815,F,63,8,Slight,41,20,Evening
AID0695,F,HP,Moderate,Clear,Loc155,509,Daylight,Car,1922,M,59,20,Slight,2,5,Morning
AID0696,T,AR,Severe,Rain,Loc88,1626,Night,Motorcycle,2242,F,33,2,Fatal,21,16,Afternoon
AID0697,W,HR,Moderate,Snow,Loc104,357,Daylight,Car,2536,F,25,6,Fatal,38,3,Night
AID0698,T,TN,Severe,Storm,Loc179,1403,Twilight,Bus,2305,F,52,2,Slight,39,14,Afternoon
AID0699,T,OD,Moderate,Fog,Loc195,716,Daylight,Truck,2702,F,60,19,Fatal,29,7,Morning
AID0700,F,UK,Minor,Clear,Loc44,1837,Twilight,Bus,1177,F,31,1,Slight,64,18,Evening
AID0701,F,UP,Severe,Rain,Loc184,1726,Night,Motorcycle,1931,M,66,2,Fatal,22,17,Evening
AID0702,M,RJ,Minor,Rain,Loc91,741,Night,Car,2331,M,66,15,Fatal,57,7,Morning
AID0703,F,UK,Moderate,Storm,Loc41,412,Night,Truck,1770,F,49,13,Serious,20,4,Night
AID0704,S,WB,Severe,Fog,Loc79,114,Twilight,Truck,1961,F,34,0,Fatal,38,1,Night
AID0705,S,OD,Minor,Storm,Loc176,2039,Twilight,Bus,911,F,52,5,Serious,46,20,Evening
AID0706,T,TR,Minor,Rain,Loc127,1706,Twilight,Bus,2790,F,64,7,Slight,24,17,Evening
AID0707,T,AS,Severe,Snow,Loc114,315,Twilight,Truck,1573,F,64,2,Serious,60,3,Night
AID0708,T,GA,Severe,Snow,Loc66,1448,Twilight,Car,2494,M,47,10,Fatal,55,14,Afternoon
AID0709,S,GJ,Severe,Snow,Loc108,2156,Daylight,Bus,1353,M,26,10,Serious,64,21,Night
AID0710,W,RJ,Minor,Clear,Loc43,1919,Twilight,Motorcycle,1111,M,25,19,Fatal,80,19,Evening
AID0711,T,TR,Minor,Snow,Loc61,838,Night,Car,1376,M,27,19,Slight,13,8,Morning
AID0712,S,TR,Moderate,Fog,Loc71,2217,Night,Motorcycle,1500,M,24,15,Fatal,76,22,Night
AID0713,W,CG,Minor,Rain,Loc185,12,Night,Car,2443,F,35,10,Fatal,53,0,Night
AID0714,W,AR,Severe,Rain,Loc188,2359,Night,Truck,2651,M,48,3,Fatal,70,23,Night
AID0715,T,DL,Minor,Snow,Loc190,1533,Daylight,Bus,2956,F,43,10,Slight,62,15,Afternoon
AID0716,T,HR,Severe,Clear,Loc91,607,Night,Car,2327,F,32,10,Serious,9,6,Morning
AID0717,S,OD,Moderate,Clear,Loc56,458,Night,Bus,1953,M,42,12,Serious,60,4,Night
AID0718,M,GJ,Minor,Rain,Loc166,2022,Twilight,Motorcycle,1769,F,60,10,Serious,25,20,Evening
AID0719,T,KL,Minor,Rain,Loc200,158,Twilight,Car,2126,F,56,17,Slight,68,1,Night
AID0720,S,MN,Minor,Fog,Loc123,1918,Daylight,Truck,1070,F,61,9,Serious,69,19,Evening
AID0721,T,SK,Minor,Snow,Loc193,21,Night,Car,2259,F,62,7,Slight,78,0,Night
AID0722,M,MZ,Moderate,Clear,Loc192,455,Twilight,Motorcycle,1935,F,42,18,Slight,29,4,Night
AID0723,S,ML,Moderate,Clear,Loc94,442,Night,Bus,1581,F,26,9,Slight,41,4,Night
AID0724,F,TN,Severe,Storm,Loc136,414,Twilight,Car,1025,F,49,4,Serious,48,4,Night
AID0725,T,UP,Moderate,Rain,Loc110,28,Daylight,Truck,1766,M,56,16,Slight,80,0,Night
AID0726,W,HR,Moderate,Snow,Loc53,2307,Night,Motorcycle,1690,M,28,15,Slight,42,23,Night
AID0727,S,KA,Moderate,Storm,Loc22,415,Night,Motorcycle,2942,F,70,9,Fatal,26,4,Night
AID0728,F,GA,Minor,Storm,Loc50,1333,Twilight,Motorcycle,837,M,23,4,Slight,32,13,Afternoon
AID0729,T,DL,Severe,Storm,Loc131,2039,Twilight,Bus,2523,F,34,12,Slight,63,20,Evening
AID0730,S,ML,Moderate,Rain,Loc89,1758,Twilight,Bus,2429,M,51,9,Fatal,47,17,Evening
AID0731,T,AS,Minor,Storm,Loc97,520,Night,Bus,2310,F,21,18,Fatal,42,5,Morning
AID0732,W,PB,Moderate,Storm,Loc157,216,Twilight,Motorcycle,867,M,52,16,Fatal,33,2,Night
AID0733,S,GJ,Minor,Fog,Loc193,214,Night,Truck,1079,M,60,4,Slight,29,2,Night
AID0734,S,WB,Moderate,Clear,Loc39,553,Daylight,Bus,2027,M,67,14,Slight,36,5,Morning
AID0735,W,JH,Minor,Clear,Loc184,1928,Night,Car,2560,M,52,16,Serious,33,19,Evening
AID0736,F,OD,Moderate,Rain,Loc39,1649,Night,Car,1868,F,50,18,Fatal,8,16,Afternoon
AID0737,S,DL,Moderate,Clear,Loc16,311,Daylight,Car,2215,M,21,11,Fatal,55,3,Night
AID0738,W,GA,Severe,Clear,Loc153,1916,Daylight,Motorcycle,1014,F,30,12,Serious,40,19,Evening
AID0739,T,WB,Moderate,Snow,Loc168,544,Twilight,Car,1873,M,66,13,Serious,69,5,Morning
AID0740,T,KL,Minor,Fog,Loc158,1943,Night,Bus,2972,F,64,3,Slight,75,19,Evening
AID0741,T,AS,Severe,Fog,Loc87,2105,Daylight,Motorcycle,1725,M,32,4,Slight,24,21,Night
AID0742,W,KL,Minor,Storm,Loc172,2042,Night,Motorcycle,2730,F,41,16,Fatal,1,20,Evening
AID0743,T,MH,Minor,Snow,Loc76,139,Daylight,Car,2590,M,53,16,Serious,59,1,Night
AID0744,T,PB,Minor,Fog,Loc88,351,Twilight,Truck,2762,F,67,1,Serious,38,3,Night
AID0745,F,KA,Minor,Storm,Loc166,1700,Daylight,Motorcycle,1424,F,34,13,Serious,71,17,Evening
AID0746,M,CG,Minor,Snow,Loc39,1146,Night,Motorcycle,2167,M,52,0,Slight,14,11,Morning
AID0747,S,WB,Minor,Snow,Loc22,319,Twilight,Motorcycle,2480,F,69,9,Slight,44,3,Night
AID0748,S,KA,Severe,Fog,Loc17,1818,Night,Motorcycle,1274,F,39,13,Fatal,12,18,Evening
AID0749,W,MH,Minor,Clear,Loc188,1446,Daylight,Motorcycle,2198,M,20,4,Serious,11,14,Afternoon
AID0750,T,KA,Moderate,Clear,Loc65,1258,Twilight,Truck,995,M,37,1,Slight,77,12,Afternoon
AID0751,T,AP,Minor,Rain,Loc25,1824,Night,Motorcycle,1968,F,37,17,Serious,66,18,Evening
AID0752,S,RJ,Minor,Storm,Loc54,628,Twilight,Motorcycle,910,M,70,4,Serious,7,6,Morning
AID0753,S,DL,Severe,Snow,Loc27,2117,Twilight,Motorcycle,2655,F,18,8,Fatal,72,21,Night
AID0754,S,GJ,Severe,Fog,Loc77,1732,Twilight,Bus,1723,M,29,14,Serious,48,17,Evening
AID0755,M,OD,Moderate,Rain,Loc24,445,Twilight,Motorcycle,1709,F,29,8,Fatal,74,4,Night
AID0756,T,KA,Severe,Clear,Loc192,2133,Daylight,Truck,837,F,48,17,Slight,74,21,Night
AID0757,W,NL,Severe,Fog,Loc104,632,Daylight,Car,868,M,51,8,Fatal,29,6,Morning
AID0758,F,MH,Minor,Fog,Loc143,1301,Twilight,Truck,2946,M,38,1,Fatal,77,13,Afternoon
AID0759,W,AR,Minor,Rain,Loc32,259,Twilight,Bus,2026,F,68,15,Serious,46,2,Night
AID0760,T,ML,Minor,Clear,Loc137,1802,Night,Car,1956,M,58,17,Slight,58,18,Evening
AID0761,T,AP,Minor,Rain,Loc153,223,Daylight,Car,2346,M,60,10,Serious,41,2,Night
AID0762,F,KA,Moderate,Storm,Loc154,906,Night,Car,2566,F,58,5,Fatal,71,9,Morning
AID0763,S,DL,Severe,Storm,Loc63,1606,Twilight,Truck,928,M,62,14,Serious,72,16,Afternoon
AID0764,T,JH,Minor,Rain,Loc93,620,Night,Truck,1110,F,23,2,Slight,42,6,Morning
AID0765,T,DL,Moderate,Storm,Loc182,1443,Daylight,Truck,2577,F,48,11,Fatal,6,14,Afternoon
AID0766,S,GJ,Severe,Storm,Loc19,942,Daylight,Motorcycle,1714,F,26,17,Slight,47,9,Morning
AID0767,S,ML,Severe,Rain,Loc71,918,Night,Motorcycle,1273,M,33,4,Fatal,74,9,Morning
AID0768,S,TN,Severe,Storm,Loc16,1159,Night,Motorcycle,1970,F,37,3,Serious,80,11,Morning
AID0769,T,GJ,Minor,Rain,Loc114,2351,Twilight,Bus,1905,F,42,6,Serious,17,23,Night
AID0770,S,WB,Severe,Snow,Loc18,1317,Night,Bus,1350,M,51,20,Fatal,76,13,Afternoon
AID0771,S,DL,Severe,Fog,Loc30,118,Twilight,Car,2332,M,20,17,Serious,64,1,Night
AID0772,S,OD,Moderate,Fog,Loc182,237,Twilight,Bus,2242,F,45,10,Fatal,71,2,Night
AID0773,T,RJ,Moderate,Storm,Loc35,1957,Daylight,Motorcycle,2338,F,57,11,Serious,7,19,Evening
AID0774,T,BR,Severe,Fog,Loc139,132,Daylight,Car,2776,M,25,19,Slight,48,1,Night
AID0775,T,MP,Severe,Rain,Loc144,2217,Daylight,Car,2624,F,33,9,Slight,20,22,Night
AID0776,S,GA,Severe,Rain,Loc4,1148,Twilight,Bus,1688,M,33,8,Fatal,74,11,Morning
AID0777,F,NL,Minor,Snow,Loc48,1440,Daylight,Truck,1861,M,29,1,Serious,49,14,Afternoon
AID0778,S,UK,Minor,Clear,Loc146,1541,Night,Motorcycle,990,F,45,14,Fatal,60,15,Afternoon
AID0779,M,UK,Minor,Rain,Loc53,1151,Daylight,Motorcycle,2141,M,61,6,Slight,35,11,Morning
AID0780,S,GJ,Minor,Rain,Loc200,1721,Night,Motorcycle,891,M,23,5,Serious,29,17,Evening
AID0781,M,MN,Minor,Fog,Loc148,2042,Twilight,Truck,2839,F,63,18,Serious,57,20,Evening
AID0782,M,NL,Severe,Clear,Loc43,228,Twilight,Car,2140,M,57,16,Serious,28,2,Night
AID0783,S,DL,Minor,Clear,Loc140,620,Night,Bus,1823,M,41,14,Slight,59,6,Morning
AID0784,S,TR,Minor,Snow,Loc199,1619,Night,Truck,1520,M,44,2,Slight,46,16,Afternoon
AID0785,M,NL,Minor,Clear,Loc46,1025,Night,Truck,1016,F,47,15,Serious,31,10,Morning
AID0786,T,AR,Severe,Rain,Loc96,2125,Daylight,Bus,1944,F,69,6,Fatal,62,21,Night
AID0787,T,ML,Minor,Fog,Loc63,929,Daylight,Car,1138,F,35,2,Fatal,50,9,Morning
AID0788,S,MZ,Moderate,Storm,Loc192,2342,Twilight,Bus,1287,M,52,15,Slight,46,23,Night
AID0789,S,AP,Severe,Rain,Loc3,500,Daylight,Car,962,M,50,18,Fatal,1,5,Morning
AID0790,S,TN,Minor,Rain,Loc146,1106,Daylight,Motorcycle,1311,M,50,20,Fatal,50,11,Morning
AID0791,M,GA,Minor,Clear,Loc184,2008,Night,Motorcycle,1816,F,66,2,Slight,2,20,Evening
AID0792,S,OD,Severe,Snow,Loc70,654,Night,Car,1791,M,27,19,Fatal,56,6,Morning
AID0793,F,AS,Severe,Snow,Loc189,1835,Night,Car,2689,M,58,8,Serious,10,18,Evening
AID0794,S,NL,Minor,Storm,Loc70,1954,Night,Bus,2126,M,58,0,Serious,8,19,Evening
AID0795,T,SK,Moderate,Rain,Loc35,455,Twilight,Motorcycle,876,F,65,16,Slight,8,4,Night
AID0796,T,SK,Minor,Fog,Loc7,836,Twilight,Car,2832,M,34,7,Fatal,12,8,Morning
AID0797,M,UP,Moderate,Storm,Loc52,2052,Night,Car,2812,F,61,3,Serious,20,20,Evening
AID0798,F,DL,Moderate,Clear,Loc69,1753,Daylight,Truck,1795,F,58,7,Slight,64,17,Evening
AID0799,W,UK,Severe,Snow,Loc18,324,Daylight,Truck,2724,F,25,13,Fatal,62,3,Night
AID0800,F,CG,Moderate,Snow,Loc117,2121,Daylight,Truck,2249,F,68,19,Slight,51,21,Night
AID0801,M,TR,Severe,Fog,Loc95,2042,Daylight,Truck,1947,M,27,8,Serious,75,20,Evening
AID0802,S,WB,Moderate,Storm,Loc154,1020,Twilight,Bus,2371,F,56,18,Serious,50,10,Morning
AID0803,S,RJ,Minor,Clear,Loc134,1825,Twilight,Truck,1958,F,25,7,Serious,52,18,Evening
AID0804,F,MP,Moderate,Rain,Loc175,1744,Daylight,Motorcycle,2902,F,66,19,Slight,17,17,Evening
AID0805,T,MH,Moderate,Fog,Loc56,608,Night,Bus,2339,F,64,7,Serious,15,6,Morning
AID0806,S,GJ,Moderate,Storm,Loc81,918,Twilight,Car,2438,F,53,6,Fatal,72,9,Morning
AID0807,T,MP,Moderate,Storm,Loc97,815,Night,Truck,2452,M,61,10,Fatal,60,8,Morning
AID0808,F,OD,Severe,Rain,Loc107,2245,Daylight,Bus,1150,F,40,7,Slight,41,22,Night
AID0809,F,JH,Severe,Fog,Loc192,2119,Daylight,Motorcycle,1466,F,53,5,Slight,58,21,Night
AID0810,T,PB,Severe,Rain,Loc107,7,Twilight,Motorcycle,2477,M,65,0,Fatal,19,0,Night
AID0811,T,CG,Minor,Rain,Loc167,400,Daylight,Car,1321,F,58,4,Serious,3,4,Night
AID0812,F,JH,Severe,Snow,Loc184,1726,Daylight,Truck,2532,F,27,13,Fatal,6,17,Evening
AID0813,T,GJ,Minor,Rain,Loc74,1924,Daylight,Car,2460,F,69,20,Serious,27,19,Evening
AID0814,T,HP,Severe,Rain,Loc173,1946,Night,Bus,1145,F,36,20,Serious,14,19,Evening
AID0815,T,MP,Severe,Rain,Loc37,2102,Daylight,Motorcycle,1888,M,18,0,Fatal,66,21,Night
AID0816,F,HR,Severe,Fog,Loc82,1028,Twilight,Motorcycle,1638,M,55,19,Slight,66,10,Morning
AID0817,S,HR,Severe,Rain,Loc85,1903,Night,Motorcycle,1731,F,30,2,Slight,75,19,Evening
AID0818,S,GJ,Moderate,Storm,Loc21,313,Twilight,Truck,1893,F,23,2,Fatal,67,3,Night
AID0819,F,WB,Minor,Fog,Loc136,54,Twilight,Motorcycle,1695,F,28,11,Slight,18,0,Night
AID0820,F,KA,Severe,Storm,Loc117,630,Night,Bus,1309,M,21,4,Fatal,56,6,Morning
AID0821,M,ML,Minor,Rain,Loc57,2156,Night,Bus,1726,M,44,9,Slight,29,21,Night
AID0822,T,MN,Moderate,Fog,Loc11,710,Twilight,Bus,1688,F,22,16,Fatal,10,7,Morning
AID0823,S,NL,Severe,Storm,Loc128,811,Twilight,Truck,1423,M,62,3,Fatal,28,8,Morning
AID0824,M,KA,Minor,Fog,Loc5,712,Daylight,Car,2174,M,41,4,Serious,41,7,Morning
AID0825,W,GJ,Minor,Rain,Loc94,651,Twilight,Motorcycle,2703,F,68,11,Serious,76,6,Morning
AID0826,T,PB,Severe,Snow,Loc63,1842,Twilight,Bus,1070,F,64,11,Fatal,33,18,Evening
AID0827,S,HP,Severe,Clear,Loc26,1055,Night,Car,1472,F,21,12,Serious,9,10,Morning
AID0828,M,UK,Minor,Clear,Loc127,1231,Daylight,Motorcycle,2309,M,55,20,Slight,60,12,Afternoon
AID0829,W,UK,Minor,Rain,Loc197,1159,Night,Motorcycle,2595,M,65,0,Serious,60,11,Morning
AID0830,W,BR,Moderate,Storm,Loc182,2105,Daylight,Truck,1775,M,54,11,Serious,1,21,Night
AID0831,T,CG,Moderate,Rain,Loc27,1823,Night,Truck,2473,F,52,17,Serious,11,18,Evening
AID0832,T,ML,Severe,Fog,Loc107,1024,Night,Car,1104,F,60,16,Serious,56,10,Morning
AID0833,F,PB,Minor,Snow,Loc79,1345,Night,Car,2702,M,53,18,Fatal,76,13,Afternoon
AID0834,F,UP,Severe,Snow,Loc130,502,Daylight,Bus,1110,F,26,4,Serious,2,5,Morning
AID0835,W,WB,Moderate,Storm,Loc22,1602,Night,Bus,2341,F,18,4,Serious,6,16,Afternoon
AID0836,S,TR,Severe,Clear,Loc104,1813,Twilight,Motorcycle,1871,F,47,8,Serious,52,18,Evening
AID0837,W,GA,Severe,Snow,Loc129,1631,Twilight,Bus,981,M,43,15,Serious,22,16,Afternoon
AID0838,T,TR,Minor,Clear,Loc132,1115,Night,Motorcycle,2807,M,51,18,Serious,76,11,Morning
AID0839,S,GJ,Minor,Fog,Loc37,112,Twilight,Bus,1679,M,36,11,Fatal,36,1,Night
AID0840,T,ML,Moderate,Rain,Loc102,1820,Twilight,Motorcycle,1608,M,53,20,Serious,11,18,Evening
AID0841,S,KL,Moderate,Clear,Loc19,348,Twilight,Truck,1143,M,59,9,Slight,8,3,Night
AID0842,T,MH,Minor,Fog,Loc3,2332,Twilight,Truck,2222,F,50,3,Serious,46,23,Night
AID0843,T,HR,Minor,Rain,Loc74,1229,Twilight,Car,2921,F,42,11,Fatal,27,12,Afternoon
AID0844,S,WB,Moderate,Fog,Loc23,2349,Night,Bus,1869,M,42,17,Serious,37,23,Night
AID0845,M,MN,Minor,Rain,Loc43,306,Daylight,Car,1379,M,44,0,Serious,27,3,Night
AID0846,T,CG,Moderate,Rain,Loc96,2026,Night,Truck,1437,F,32,14,Slight,31,20,Evening
AID0847,F,DL,Moderate,Rain,Loc1,2219,Twilight,Motorcycle,1850,M,49,10,Slight,57,22,Night
AID0848,F,CG,Moderate,Rain,Loc84,552,Daylight,Truck,1316,F,60,20,Slight,31,5,Morning
AID0849,W,HP,Moderate,Storm,Loc13,1421,Daylight,Bus,1722,M,55,9,Fatal,65,14,Afternoon
AID0850,W,GJ,Minor,Snow,Loc44,413,Night,Car,2417,M,29,13,Slight,10,4,Night
AID0851,T,PB,Severe,Storm,Loc191,1538,Daylight,Car,1354,F,54,17,Fatal,16,15,Afternoon
AID0852,T,KA,Moderate,Rain,Loc147,625,Night,Motorcycle,1025,M,32,15,Serious,2,6,Morning
AID0853,S,OD,Severe,Clear,Loc141,423,Twilight,Motorcycle,1215,F,24,7,Fatal,64,4,Night
AID0854,T,JH,Moderate,Clear,Loc145,414,Twilight,Truck,1345,F,65,12,Slight,12,4,Night
AID0855,M,DL,Minor,Fog,Loc59,1147,Night,Bus,2125,M,35,12,Serious,7,11,Morning
AID0856,T,MP,Moderate,Clear,Loc93,1706,Twilight,Motorcycle,2399,F,64,16,Slight,66,17,Evening
AID0857,S,KA,Minor,Fog,Loc126,1348,Daylight,Truck,2792,M,22,10,Fatal,29,13,Afternoon
AID0858,F,ML,Minor,Storm,Loc57,1232,Twilight,Motorcycle,1947,M,65,6,Fatal,21,12,Afternoon
AID0859,W,HR,Severe,Clear,Loc51,1227,Twilight,Motorcycle,1702,M,39,13,Slight,39,12,Afternoon
AID0860,F,AR,Moderate,Storm,Loc95,829,Night,Car,2111,F,42,17,Fatal,50,8,Morning
AID0861,F,TR,Moderate,Storm,Loc157,2355,Daylight,Motorcycle,1968,F,61,16,Slight,61,23,Night
AID0862,T,WB,Severe,Clear,Loc155,1537,Daylight,Bus,2764,F,21,3,Fatal,80,15,Afternoon
AID0863,T,NL,Moderate,Storm,Loc95,2325,Night,Motorcycle,1951,M,22,19,Serious,25,23,Night
AID0864,T,GJ,Severe,Fog,Loc159,1812,Daylight,Motorcycle,2351,M,27,8,Fatal,75,18,Evening
AID0865,T,MH,Minor,Rain,Loc151,1431,Twilight,Truck,2895,M,31,6,Fatal,14,14,Afternoon
AID0866,S,AS,Moderate,Rain,Loc108,1538,Daylight,Car,2366,M,61,12,Serious,53,15,Afternoon
AID0867,M,DL,Moderate,Storm,Loc98,2056,Twilight,Truck,1288,F,29,10,Serious,78,20,Evening
AID0868,T,AP,Moderate,Storm,Loc76,1655,Daylight,Bus,1187,M,24,13,Slight,57,16,Afternoon
AID0869,T,MP,Moderate,Rain,Loc42,1504,Daylight,Bus,1297,M,27,18,Slight,17,15,Afternoon
AID0870,W,GA,Moderate,Snow,Loc111,358,Night,Car,982,F,25,0,Serious,44,3,Night
AID0871,S,TR,Severe,Snow,Loc176,1013,Daylight,Car,1952,M,24,5,Serious,21,10,Morning
AID0872,S,TR,Minor,Snow,Loc111,806,Twilight,Motorcycle,2857,F,70,4,Serious,16,8,Morning
AID0873,T,BR,Minor,Rain,Loc188,1541,Twilight,Car,2311,F,24,10,Fatal,25,15,Afternoon
AID0874,F,UP,Moderate,Storm,Loc105,740,Daylight,Truck,1035,M,53,20,Fatal,75,7,Morning
AID0875,S,UP,Minor,Clear,Loc161,2208,Twilight,Motorcycle,2996,M,20,3,Fatal,13,22,Night
AID0876,S,TR,Severe,Clear,Loc100,1433,Daylight,Car,890,M,41,0,Serious,76,14,Afternoon
AID0877,S,CG,Severe,Storm,Loc42,133,Night,Motorcycle,2174,F,50,4,Slight,46,1,Night
AID0878,M,MP,Severe,Fog,Loc199,2134,Twilight,Truck,1114,M,64,9,Serious,36,21,Night
AID0879,S,GJ,Severe,Fog,Loc59,1910,Twilight,Truck,1174,M,52,18,Serious,65,19,Evening
AID0880,T,SK,Moderate,Storm,Loc128,2107,Daylight,Car,1619,F,51,5,Serious,52,21,Night
AID0881,M,TN,Minor,Rain,Loc3,921,Night,Truck,1183,F,42,13,Slight,32,9,Morning
AID0882,W,BR,Moderate,Clear,Loc163,1628,Twilight,Motorcycle,2276,F,40,14,Slight,48,16,Afternoon
AID0883,T,UP,Severe,Fog,Loc40,616,Daylight,Car,1831,F,38,18,Serious,55,6,Morning
AID0884,T,WB,Moderate,Snow,Loc41,650,Night,Bus,1331,F,42,0,Fatal,3,6,Morning
AID0885,M,TR,Moderate,Storm,Loc60,537,Night,Bus,2127,F,50,20,Serious,3,5,Morning
AID0886,T,HR,Minor,Fog,Loc145,1210,Twilight,Bus,1342,M,37,16,Fatal,3,12,Afternoon
AID0887,S,DL,Moderate,Rain,Loc105,743,Twilight,Car,2668,M,29,9,Slight,37,7,Morning
AID0888,S,GJ,Severe,Clear,Loc82,2140,Daylight,Motorcycle,2748,M,60,5,Slight,12,21,Night
AID0889,W,ML,Minor,Storm,Loc2,1820,Twilight,Truck,1893,M,54,9,Serious,7,18,Evening
AID0890,T,JH,Severe,Clear,Loc77,930,Twilight,Bus,2254,M,50,12,Fatal,53,9,Morning
AID0891,M,BR,Minor,Storm,Loc113,1831,Daylight,Truck,959,F,30,20,Serious,13,18,Evening
AID0892,S,ML,Moderate,Rain,Loc153,1433,Twilight,Motorcycle,1929,M,34,5,Fatal,80,14,Afternoon
AID0893,S,WB,Moderate,Clear,Loc10,621,Night,Motorcycle,1130,F,44,17,Serious,17,6,Morning
AID0894,F,PB,Minor,Fog,Loc112,1416,Daylight,Bus,2040,F,55,17,Fatal,25,14,Afternoon
AID0895,T,GA,Minor,Clear,Loc103,401,Night,Car,1264,F,25,15,Serious,45,4,Night
AID0896,W,MN,Minor,Storm,Loc124,1701,Night,Motorcycle,1239,M,27,6,Slight,2,17,Evening
AID0897,F,TN,Minor,Storm,Loc7,2114,Twilight,Car,1602,F,56,19,Serious,15,21,Night
AID0898,F,RJ,Minor,Storm,Loc64,2333,Night,Car,2550,M,24,8,Fatal,51,23,Night
AID0899,F,NL,Severe,Rain,Loc160,29,Night,Truck,1175,F,46,5,Fatal,51,0,Night
AID0900,S,JH,Minor,Clear,Loc163,834,Daylight,Motorcycle,2941,F,57,10,Fatal,73,8,Morning
AID0901,W,BR,Severe,Storm,Loc37,506,Twilight,Car,1870,F,32,2,Slight,59,5,Morning
AID0902,M,TR,Minor,Rain,Loc11,1104,Night,Car,1434,F,47,6,Slight,75,11,Morning
AID0903,T,MP,Moderate,Rain,Loc107,521,Night,Motorcycle,1859,F,36,8,Slight,37,5,Morning
AID0904,T,HP,Severe,Fog,Loc175,557,Daylight,Motorcycle,2524,M,44,1,Slight,42,5,Morning
AID0905,S,SK,Moderate,Fog,Loc146,537,Daylight,Motorcycle,1724,F,54,12,Serious,21,5,Morning
AID0906,T,UK,Minor,Rain,Loc64,1925,Daylight,Truck,2964,F,42,16,Fatal,2,19,Evening
AID0907,S,MH,Severe,Rain,Loc185,925,Twilight,Truck,1588,F,35,11,Slight,77,9,Morning
AID0908,T,UP,Severe,Fog,Loc128,633,Night,Bus,1224,M,19,4,Fatal,71,6,Morning
AID0909,T,HR,Minor,Snow,Loc144,2305,Daylight,Bus,1833,M,35,4,Fatal,39,23,Night
AID0910,T,HP,Severe,Storm,Loc159,1557,Daylight,Bus,1697,F,55,1,Serious,53,15,Afternoon
AID0911,F,AS,Moderate,Snow,Loc200,1740,Daylight,Motorcycle,1555,F,29,8,Fatal,30,17,Evening
AID0912,F,ML,Minor,Snow,Loc163,2114,Daylight,Motorcycle,1685,F,29,6,Slight,17,21,Night
AID0913,S,MN,Moderate,Snow,Loc122,128,Twilight,Bus,2977,F,56,5,Serious,60,1,Night
AID0914,W,TN,Severe,Rain,Loc151,1909,Twilight,Motorcycle,2265,M,43,19,Fatal,63,19,Evening
AID0915,S,MN,Severe,Fog,Loc57,2134,Night,Car,1475,M,52,6,Slight,11,21,Night
AID0916,F,SK,Severe,Storm,Loc186,1533,Night,Bus,1209,F,69,10,Slight,72,15,Afternoon
AID0917,W,SK,Severe,Fog,Loc77,452,Night,Bus,2206,M,53,18,Fatal,56,4,Night
AID0918,M,ML,Moderate,Storm,Loc105,1457,Night,Car,2293,M,53,7,Fatal,79,14,Afternoon
AID0919,S,UK,Moderate,Fog,Loc169,1408,Daylight,Bus,1495,F,63,13,Fatal,7,14,Afternoon
AID0920,F,UK,Moderate,Fog,Loc108,1156,Twilight,Truck,940,F,37,12,Serious,14,11,Morning
AID0921,S,ML,Severe,Storm,Loc1,148,Night,Bus,1261,F,48,10,Slight,48,1,Night
AID0922,S,MZ,Moderate,Rain,Loc54,1832,Night,Bus,1771,F,63,19,Slight,41,18,Evening
AID0923,S,TR,Severe,Fog,Loc38,1201,Night,Motorcycle,2819,M,46,17,Fatal,63,12,Afternoon
AID0924,W,UP,Moderate,Fog,Loc199,457,Daylight,Car,1405,F,60,11,Slight,33,4,Night
AID0925,T,SK,Severe,Rain,Loc60,1858,Twilight,Truck,2423,M,41,7,Slight,51,18,Evening
AID0926,S,UK,Severe,Storm,Loc143,1649,Daylight,Car,2662,M,27,9,Serious,33,16,Afternoon
AID0927,M,OD,Moderate,Fog,Loc16,909,Twilight,Motorcycle,1335,M,30,15,Serious,79,9,Morning
AID0928,W,CG,Moderate,Storm,Loc87,411,Night,Motorcycle,1660,F,31,0,Serious,32,4,Night
AID0929,F,MP,Severe,Storm,Loc183,53,Twilight,Bus,1757,M,59,20,Slight,78,0,Night
AID0930,S,GJ,Minor,Snow,Loc108,552,Night,Bus,1787,M,51,7,Fatal,17,5,Morning
AID0931,T,TR,Moderate,Rain,Loc116,1750,Daylight,Truck,1820,F,42,20,Fatal,30,17,Evening
AID0932,M,MP,Severe,Clear,Loc59,727,Night,Car,2413,F,32,13,Fatal,61,7,Morning
AID0933,M,MZ,Severe,Fog,Loc120,1938,Twilight,Motorcycle,1567,M,24,19,Slight,46,19,Evening
AID0934,T,OD,Moderate,Snow,Loc87,1845,Night,Bus,1230,F,29,14,Serious,79,18,Evening
AID0935,M,MP,Severe,Rain,Loc26,1010,Twilight,Car,2376,F,33,1,Serious,78,10,Morning
AID0936,S,JH,Severe,Fog,Loc171,1100,Daylight,Bus,806,M,64,4,Serious,80,11,Morning
AID0937,S,AR,Moderate,Rain,Loc54,2301,Daylight,Bus,2893,M,51,1,Slight,48,23,Night
AID0938,T,RJ,Moderate,Storm,Loc39,1321,Night,Truck,1579,F,19,17,Fatal,62,13,Afternoon
AID0939,W,UP,Severe,Snow,Loc198,533,Night,Car,1033,M,54,9,Fatal,21,5,Morning
AID0940,T,TR,Severe,Snow,Loc193,441,Daylight,Motorcycle,1560,F,65,5,Slight,7,4,Night
AID0941,M,DL,Severe,Fog,Loc123,1502,Twilight,Bus,2813,F,33,15,Fatal,50,15,Afternoon
AID0942,T,TN,Moderate,Fog,Loc123,421,Night,Motorcycle,2134,F,24,12,Serious,28,4,Night
AID0943,M,CG,Minor,Snow,Loc105,1027,Night,Motorcycle,2073,F,34,11,Slight,64,10,Morning
AID0944,S,NL,Minor,Clear,Loc198,2227,Night,Car,2772,M,58,19,Serious,17,22,Night
AID0945,T,AR,Moderate,Storm,Loc80,812,Night,Bus,1017,F,65,0,Slight,18,8,Morning
AID0946,M,RJ,Moderate,Fog,Loc86,2043,Night,Bus,1833,M,65,14,Serious,79,20,Evening
AID0947,S,KL,Moderate,Snow,Loc21,1056,Night,Motorcycle,1416,F,26,18,Serious,37,10,Morning
AID0948,T,WB,Minor,Rain,Loc116,323,Twilight,Motorcycle,1574,F,31,3,Fatal,77,3,Night
AID0949,T,MZ,Severe,Snow,Loc29,1210,Night,Bus,2865,M,42,1,Slight,47,12,Afternoon
AID0950,F,PB,Moderate,Rain,Loc162,1423,Daylight,Car,1838,F,52,14,Serious,60,14,Afternoon
AID0951,T,WB,Minor,Fog,Loc119,730,Daylight,Car,1995,M,67,3,Serious,2,7,Morning
AID0952,F,SK,Severe,Clear,Loc138,947,Twilight,Motorcycle,2809,F,69,0,Slight,6,9,Morning
AID0953,S,MP,Severe,Fog,Loc10,1635,Daylight,Car,1929,M,62,19,Slight,20,16,Afternoon
AID0954,T,MZ,Severe,Fog,Loc12,2122,Night,Truck,2923,M,51,11,Fatal,66,21,Night
AID0955,T,KL,Severe,Storm,Loc127,1249,Twilight,Motorcycle,2459,M,42,16,Slight,26,12,Afternoon
AID0956,T,MN,Minor,Rain,Loc187,1507,Night,Bus,1661,M,51,14,Serious,13,15,Afternoon
AID0957,F,AS,Severe,Clear,Loc142,1643,Twilight,Motorcycle,1431,F,33,15,Serious,62,16,Afternoon
AID0958,M,WB,Moderate,Storm,Loc5,826,Night,Car,1733,M,35,7,Slight,80,8,Morning
AID0959,M,AS,Severe,Snow,Loc192,1604,Night,Motorcycle,1037,F,40,10,Fatal,56,16,Afternoon
AID0960,T,HR,Minor,Rain,Loc81,1340,Twilight,Truck,2329,M,44,4,Serious,31,13,Afternoon
AID0961,T,ML,Severe,Clear,Loc13,1315,Daylight,Car,1467,M,55,8,Fatal,18,13,Afternoon
AID0962,M,AS,Moderate,Snow,Loc58,1112,Night,Motorcycle,2993,F,24,10,Fatal,10,11,Morning
AID0963,T,KA,Minor,Fog,Loc45,2100,Twilight,Car,1825,M,44,4,Serious,57,21,Night
AID0964,S,UP,Severe,Clear,Loc8,1607,Night,Motorcycle,1137,F,54,10,Slight,25,16,Afternoon
AID0965,S,TN,Minor,Clear,Loc98,1037,Night,Motorcycle,1891,M,27,0,Slight,48,10,Morning
AID0966,M,ML,Moderate,Clear,Loc172,236,Daylight,Bus,2386,M,52,17,Serious,36,2,Night
AID0967,S,MH,Severe,Fog,Loc171,1937,Night,Car,2131,F,62,7,Slight,55,19,Evening
AID0968,M,AP,Minor,Fog,Loc57,31,Night,Truck,2488,F,59,3,Slight,74,0,Night
AID0969,S,HP,Severe,Clear,Loc141,2246,Night,Motorcycle,1117,M,53,16,Slight,54,22,Night
AID0970,S,KL,Moderate,Fog,Loc156,855,Twilight,Bus,948,F,64,2,Fatal,75,8,Morning
AID0971,T,UP,Moderate,Rain,Loc174,1029,Night,Car,1381,F,37,2,Serious,29,10,Morning
AID0972,M,GJ,Minor,Fog,Loc85,7,Night,Truck,1178,F,56,13,Slight,34,0,Night
AID0973,W,AR,Minor,Rain,Loc72,709,Daylight,Motorcycle,1694,M,53,17,Serious,45,7,Morning
AID0974,S,TN,Severe,Rain,Loc76,54,Night,Bus,2997,F,43,13,Serious,56,0,Night
AID0975,W,UK,Severe,Clear,Loc156,640,Twilight,Bus,1037,F,68,12,Serious,38,6,Morning
AID0976,F,KA,Minor,Storm,Loc26,350,Night,Truck,1889,M,34,3,Fatal,30,3,Night
AID0977,W,JH,Moderate,Storm,Loc107,445,Night,Truck,983,F,20,20,Serious,5,4,Night
AID0978,T,HP,Moderate,Snow,Loc140,627,Daylight,Bus,863,F,60,18,Slight,43,6,Morning
AID0979,F,UK,Minor,Snow,Loc57,2022,Night,Car,1068,M,38,10,Slight,72,20,Evening
AID0980,S,GJ,Moderate,Rain,Loc126,237,Twilight,Truck,1677,M,38,15,Serious,46,2,Night
AID0981,F,AS,Severe,Storm,Loc172,142,Night,Motorcycle,1891,F,31,16,Fatal,41,1,Night
AID0982,T,GJ,Minor,Rain,Loc198,814,Twilight,Truck,1929,F,44,8,Slight,22,8,Morning
AID0983,T,MN,Minor,Clear,Loc62,1127,Daylight,Bus,1021,M,69,17,Fatal,36,11,Morning
AID0984,S,WB,Moderate,Snow,Loc125,933,Twilight,Motorcycle,1977,M,23,8,Serious,32,9,Morning
AID0985,S,HR,Severe,Clear,Loc180,2151,Twilight,Truck,1307,F,30,4,Serious,70,21,Night
AID0986,T,RJ,Severe,Rain,Loc179,919,Night,Motorcycle,2355,M,38,10,Slight,7,9,Morning
AID0987,S,WB,Minor,Fog,Loc120,920,Twilight,Truck,1433,M,26,0,Serious,40,9,Morning
AID0988,M,AR,Severe,Fog,Loc89,6,Night,Truck,2529,M,47,8,Serious,9,0,Night
AID0989,S,RJ,Moderate,Snow,Loc128,1634,Night,Motorcycle,1730,F,30,9,Fatal,33,16,Afternoon
AID0990,S,TN,Severe,Clear,Loc22,1014,Twilight,Bus,1155,F,44,2,Slight,37,10,Morning
AID0991,T,SK,Minor,Fog,Loc63,447,Daylight,Motorcycle,1621,F,70,17,Serious,70,4,Night
AID0992,T,KL,Severe,Rain,Loc99,410,Twilight,Car,1237,F,55,2,Fatal,31,4,Night
AID0993,S,TR,Severe,Fog,Loc105,1940,Night,Truck,1838,M,20,16,Fatal,64,19,Evening
AID0994,T,AR,Severe,Rain,Loc101,1333,Daylight,Truck,2677,F,39,19,Serious,36,13,Afternoon
AID0995,T,ML,Moderate,Snow,Loc69,1208,Twilight,Truck,2670,M,18,8,Fatal,64,12,Afternoon
AID0996,T,ML,Minor,Rain,Loc115,849,Daylight,Motorcycle,1890,M,57,19,Slight,71,8,Morning
AID0997,T,MZ,Severe,Clear,Loc52,417,Night,Car,1459,F,42,7,Serious,69,4,Night
AID0998,S,UP,Moderate,Snow,Loc153,734,Twilight,Truck,1285,M,50,8,Fatal,4,7,Morning
AID0999,T,BR,Minor,Fog,Loc125,1622,Twilight,Car,1282,M,63,0,Slight,66,16,Afternoon
AID1000,W,SK,Severe,Fog,Loc19,1519,Twilight,Bus,2620,M,41,7,Slight,74,15,Afternoon
